sku_name,drug_name,category,icd_code,icd_description,organ_system,drug_class,part_of_bl_copay,part_of_bl_free_meds
Acalabrutinib 100mg Capsule (Calquence 56s),Acalabrutinib 100mg Capsule,Leukemia,C91,Lymphoid leukemia,Neoplasms,Bruton's Tyrosine Kinase (BTK) Inhibitor / Antineoplastic,NO,0
Acetylcysteine 200mg Granules for Solution (Fluimucil),Acetylcysteine 200mg Granules for Solution,Cough and Cold,J06,Acute upper respiratory infections of multiple and unspecified sites,Diseases of the respiratory system,Mucolytic Agent,YES,0
Acetylcysteine 200mg Granules for Solution (Value Brand),Acetylcysteine 200mg Granules for Solution,Cough and Cold,J06,Acute upper respiratory infections of multiple and unspecified sites,Diseases of the respiratory system,Mucolytic Agent,YES,0
Acetylcysteine 600mg Granules for Solution (Value Brand),Acetylcysteine 600mg Granules for Solution,Cough and Cold,J06,Acute upper respiratory infections of multiple and unspecified sites,Diseases of the respiratory system,Mucolytic Agent,YES,0
Acetylcysteine 600mg Tablet (Fluimucil Eff),Acetylcysteine 600mg Tablet,Cough and Cold,J06,Acute upper respiratory infections of multiple and unspecified sites,Diseases of the respiratory system,Mucolytic Agent,YES,0
Aciclovir 400mg Tablet (Value Brand),Aciclovir 400mg Tablet,Viral Infection,B34,Viral infection of unspecified site,Certain infectious and parasitic diseases,Antiviral (Anti-Herpes),YES,0
Aciclovir 800mg Tablet (Value Brand),Aciclovir 800mg Tablet,Viral Infection,B34,Viral infection of unspecified site,Certain infectious and parasitic diseases,Antiviral (Anti-Herpes),YES,0
Albendazole 400mg Tablet (Value Brand),Albendazole 400mg Tablet,Parasitic Infection,B81,Other intestinal helminthiases,Certain infectious and parasitic diseases,Anthelmintic (Antiparasitic),YES,0
Allopurinol 100mg Tablet (Value Brand),Allopurinol 100mg Tablet,Gout,M10,Gout,Diseases of the musculoskeletal system and connective tissue,Xanthine Oxidase Inhibitor (Antigout),YES,0
Allopurinol 300mg Tablet (Value Brand),Allopurinol 300mg Tablet,Gout,M10,Gout,Diseases of the musculoskeletal system and connective tissue,Xanthine Oxidase Inhibitor (Antigout),YES,0
Aluminum hydroxide + Magnesium hydroxide 200mg/100mg Tablet (Value Brand),Aluminum hydroxide + Magnesium hydroxide 200mg/100mg Tablet,Hyperacidity,K21,Gastro-esophageal reflux disease,Diseases of the digestive system,Antacid Combination,YES,0
Aluminum hydroxide + Magnesium hydroxide 200mg/200mg Tablet (Value Brand),Aluminum hydroxide + Magnesium hydroxide 200mg/200mg Tablet,Hyperacidity,K21,Gastro-esophageal reflux disease,Diseases of the digestive system,Antacid Combination,YES,0
Aluminum hydroxide + Magnesium hydroxide 225mg/200mg/5mL 120mL Powder for Suspension (Value Brand),Aluminum hydroxide + Magnesium hydroxide 225mg/200mg/5mL 120mL Powder for Suspension,Hyperacidity,K21,Gastro-esophageal reflux disease,Diseases of the digestive system,Antacid Combination,NO,0
Ambroxol 30mg Tablet (Value Brand),Ambroxol 30mg Tablet,Cough and Cold,J06,Acute upper respiratory infections of multiple and unspecified sites,Diseases of the respiratory system,Mucolytic Agent,YES,0
Ambroxol 75mg Capsule (Value Brand),Ambroxol 75mg Capsule,Cough and Cold,J06,Acute upper respiratory infections of multiple and unspecified sites,Diseases of the respiratory system,Mucolytic Agent,NO,0
Amiodarone 200mg Tablet (Value Brand),Amiodarone 200mg Tablet,Cardiac Arrhythmia,I49,Other cardiac arrhythmias,Diseases of the circulatory system,Class III Antiarrhythmic,YES,0
Amlodipine + Atorvastatin 5mg/10mg Tablet (Norvasc Protect),Amlodipine + Atorvastatin 5mg/10mg Tablet,Hypertension,I10,Essential (Primary) Hypertension: Essential (Primary) Hypertension,Diseases of the circulatory system,Calcium Channel Blocker + Statin Combination,YES,0
Amlodipine + Losartan 5mg/50mg Tablet (Value Brand),Amlodipine + Losartan 5mg/50mg Tablet,Hypertension,I10,Essential (Primary) Hypertension: Essential (Primary) Hypertension,Diseases of the circulatory system,Calcium Channel Blocker + ARB Combination,YES,0
Amlodipine + Losartan 10mg/100mg Tablet (Amlife),Amlodipine + Losartan 10mg/100mg Tablet,Hypertension,I10,Essential (Primary) Hypertension: Essential (Primary) Hypertension,Diseases of the circulatory system,Calcium Channel Blocker + ARB Combination,YES,0
Amlodipine + Perindopril 10mg/10mg Tablet (Coveram),Amlodipine + Perindopril 10mg/10mg Tablet,Hypertension,I10,Essential (Primary) Hypertension: Essential (Primary) Hypertension,Diseases of the circulatory system,Calcium Channel Blocker + ACE Inhibitor Combination,YES,0
Amlodipine + Telmisartan 40mg/5mg Tablet (Twynsta),Amlodipine + Telmisartan 40mg/5mg Tablet,Hypertension,I10,Essential (Primary) Hypertension: Essential (Primary) Hypertension,Diseases of the circulatory system,Calcium Channel Blocker + ARB Combination,YES,0
Amlodipine + Telmisartan 40mg/10mg Tablet (Twynsta),Amlodipine + Telmisartan 40mg/10mg Tablet,Hypertension,I10,Essential (Primary) Hypertension: Essential (Primary) Hypertension,Diseases of the circulatory system,Calcium Channel Blocker + ARB Combination,YES,0
Amlodipine + Telmisartan 80mg/10mg Tablet (Twynsta),Amlodipine + Telmisartan 80mg/10mg Tablet,Hypertension,I10,Essential (Primary) Hypertension: Essential (Primary) Hypertension,Diseases of the circulatory system,Calcium Channel Blocker + ARB Combination,YES,0
Amlodipine + Valsartan 5mg/80mg Tablet (Exforge),Amlodipine + Valsartan 5mg/80mg Tablet,Hypertension,I10,Essential (Primary) Hypertension: Essential (Primary) Hypertension,Diseases of the circulatory system,Calcium Channel Blocker + ARB Combination,YES,0
Amlodipine + Valsartan 5mg/80mg Tablet (Value Brand),Amlodipine + Valsartan 5mg/80mg Tablet,Hypertension,I10,Essential (Primary) Hypertension: Essential (Primary) Hypertension,Diseases of the circulatory system,Calcium Channel Blocker + ARB Combination,YES,0
Amlodipine + Valsartan 5mg/160mg Tablet (Value Brand),Amlodipine + Valsartan 5mg/160mg Tablet,Hypertension,I10,Essential (Primary) Hypertension: Essential (Primary) Hypertension,Diseases of the circulatory system,Calcium Channel Blocker + ARB Combination,NO,0
Amlodipine + Valsartan 10mg/160mg Tablet (Exforge),Amlodipine + Valsartan 10mg/160mg Tablet,Hypertension,I10,Essential (Primary) Hypertension: Essential (Primary) Hypertension,Diseases of the circulatory system,Calcium Channel Blocker + ARB Combination,YES,0
Amlodipine 5mg Tablet (Norvasc),Amlodipine 5mg Tablet,Hypertension,I10,Essential (Primary) Hypertension: Essential (Primary) Hypertension,Diseases of the circulatory system,Calcium Channel Blocker (Antihypertensive),YES,1
Amlodipine 5mg Tablet (Ritemed),Amlodipine 5mg Tablet,Hypertension,I10,Essential (Primary) Hypertension: Essential (Primary) Hypertension,Diseases of the circulatory system,Calcium Channel Blocker (Antihypertensive),YES,1
Amlodipine 5mg Tablet (Value Brand),Amlodipine 5mg Tablet,Hypertension,I10,Essential (Primary) Hypertension: Essential (Primary) Hypertension,Diseases of the circulatory system,Calcium Channel Blocker (Antihypertensive),YES,1
Amlodipine 10mg Tablet (Norvasc),Amlodipine 10mg Tablet,Hypertension,I10,Essential (Primary) Hypertension: Essential (Primary) Hypertension,Diseases of the circulatory system,Calcium Channel Blocker (Antihypertensive),YES,1
Amlodipine 10mg Tablet (Value Brand),Amlodipine 10mg Tablet,Hypertension,I10,Essential (Primary) Hypertension: Essential (Primary) Hypertension,Diseases of the circulatory system,Calcium Channel Blocker (Antihypertensive),YES,1
Amoxicillin + Clavulanic acid 228.5mg/5mL 70mL Powder for Suspension (Value Brand),Amoxicillin + Clavulanic acid 228.5mg/5mL 70mL Powder for Suspension,Bacterial Infection,A49,Bacterial infection of unspecified site,Certain infectious and parasitic diseases,Penicillin Antibiotic + Beta-Lactamase Inhibitor,NO,0
Amoxicillin + Clavulanic acid 500mg/125mg Tablet (Value Brand),Amoxicillin + Clavulanic acid 500mg/125mg Tablet,Bacterial Infection,A49,Bacterial infection of unspecified site,Certain infectious and parasitic diseases,Penicillin Antibiotic + Beta-Lactamase Inhibitor,YES,0
Amoxicillin + Clavulanic acid 875mg/125mg Tablet (Value Brand),Amoxicillin + Clavulanic acid 875mg/125mg Tablet,Bacterial Infection,A49,Bacterial infection of unspecified site,Certain infectious and parasitic diseases,Penicillin Antibiotic + Beta-Lactamase Inhibitor,YES,0
Amoxicillin 250mg Capsule (Value Brand),Amoxicillin 250mg Capsule,Bacterial Infection,A49,Bacterial infection of unspecified site,Certain infectious and parasitic diseases,Penicillin Antibiotic,YES,0
Amoxicillin 250mg/5mL 60mL Suspension (Value Brand),Amoxicillin 250mg/5mL 60mL Suspension,Bacterial Infection,A49,Bacterial infection of unspecified site,Certain infectious and parasitic diseases,Penicillin Antibiotic,NO,0
Amoxicillin 500mg Capsule (Ritemed),Amoxicillin 500mg Capsule,Bacterial Infection,A49,Bacterial infection of unspecified site,Certain infectious and parasitic diseases,Penicillin Antibiotic,YES,0
Amoxicillin 500mg Capsule (Value Brand),Amoxicillin 500mg Capsule,Bacterial Infection,A49,Bacterial infection of unspecified site,Certain infectious and parasitic diseases,Penicillin Antibiotic,YES,0
Ampalaya 500mg Capsule (Value Brand),Ampalaya 500mg Capsule,Vitamin/Mineral Deficiency,E63,Other nutritional deficiencies,"Endocrine, nutritional and metabolic diseases",Herbal Supplement (Traditional Blood Sugar Support),YES,0
Anastrozole 1mg Tablet (Arimidex 28s),Anastrozole 1mg Tablet,Breast Cancer,C50,Malignant neoplasm of breast,Neoplasms,Aromatase Inhibitor (Hormonal Antineoplastic),NO,0
Aripiprazole 5mg Tablet (Abilify),Aripiprazole 5mg Tablet,Mood Disorder,F39,Unspecified Mood [Affective] Disorder: Unspecified Mood [Affective] Disorder,"Mental, Behavioral and Neurodevelopmental disorders",Atypical Antipsychotic,NO,0
Aripiprazole 10mg Tablet (Abilify),Aripiprazole 10mg Tablet,Mental Health,F99,"Mental disorder, not otherwise specified","Mental, Behavioral and Neurodevelopmental disorders",Atypical Antipsychotic,NO,0
Ascorbic acid 100mg/5mL 60mL Syrup (Value Brand),Ascorbic acid 100mg/5mL 60mL Syrup,Vitamin/Mineral Deficiency,E63,Other nutritional deficiencies,"Endocrine, nutritional and metabolic diseases",Vitamin C Supplement,NO,0
Ascorbic acid 500mg Caplet (Value Brand),Ascorbic acid 500mg Caplet,Vitamin/Mineral Deficiency,E63,Other nutritional deficiencies,"Endocrine, nutritional and metabolic diseases",Vitamin C Supplement,NO,0
Ascorbic acid 500mg Tablet (Value Brand),Ascorbic acid 500mg Tablet,Vitamin/Mineral Deficiency,E63,Other nutritional deficiencies,"Endocrine, nutritional and metabolic diseases",Vitamin C Supplement,YES,0
Aspirin 80mg Tablet (Value Brand),Aspirin 80mg Tablet,Ischemic Heart Disease,I24,Other acute ischemic heart diseases,Diseases of the circulatory system,Antiplatelet / NSAID,YES,0
Aspirin 100mg Tablet (Value Brand),Aspirin 100mg Tablet,Ischemic Heart Disease,I24,Other acute ischemic heart diseases,Diseases of the circulatory system,Antiplatelet / NSAID,NO,0
Atenolol 25mg Tablet (Therabloc),Atenolol 25mg Tablet,Hypertension,I10,Essential (Primary) Hypertension: Essential (Primary) Hypertension,Diseases of the circulatory system,Beta-Blocker (Cardioselective),YES,0
Atenolol 50mg Tablet (Value Brand),Atenolol 50mg Tablet,Hypertension,I10,Essential (Primary) Hypertension: Essential (Primary) Hypertension,Diseases of the circulatory system,Beta-Blocker (Cardioselective),YES,1
Atenolol 100mg Tablet (Value Brand),Atenolol 100mg Tablet,Hypertension,I10,Essential (Primary) Hypertension: Essential (Primary) Hypertension,Diseases of the circulatory system,Beta-Blocker (Cardioselective),YES,1
Atorvastatin + Fenofibrate 10mg/160mg Tablet (Fenostat),Atorvastatin + Fenofibrate 10mg/160mg Tablet,High Cholesterol,E78,Disorders of lipoprotein metabolism and other lipidemias,"Endocrine, nutritional and metabolic diseases",Statin + Fibrate (Lipid-Lowering Combination),YES,0
Atorvastatin 10mg Tablet (Lipitor),Atorvastatin 10mg Tablet,High Cholesterol,E78,Disorders of lipoprotein metabolism and other lipidemias,"Endocrine, nutritional and metabolic diseases",HMG-CoA Reductase Inhibitor (Statin),YES,1
Atorvastatin 10mg Tablet (Value Brand),Atorvastatin 10mg Tablet,High Cholesterol,E78,Disorders of lipoprotein metabolism and other lipidemias,"Endocrine, nutritional and metabolic diseases",HMG-CoA Reductase Inhibitor (Statin),YES,1
Atorvastatin 20mg Tablet (Atorvast),Atorvastatin 20mg Tablet,High Cholesterol,E78,Disorders of lipoprotein metabolism and other lipidemias,"Endocrine, nutritional and metabolic diseases",HMG-CoA Reductase Inhibitor (Statin),NO,1
Atorvastatin 20mg Tablet (Lipitor),Atorvastatin 20mg Tablet,High Cholesterol,E78,Disorders of lipoprotein metabolism and other lipidemias,"Endocrine, nutritional and metabolic diseases",HMG-CoA Reductase Inhibitor (Statin),YES,1
Atorvastatin 20mg Tablet (Ritemed),Atorvastatin 20mg Tablet,High Cholesterol,E78,Disorders of lipoprotein metabolism and other lipidemias,"Endocrine, nutritional and metabolic diseases",HMG-CoA Reductase Inhibitor (Statin),YES,1
Atorvastatin 20mg Tablet (Value Brand),Atorvastatin 20mg Tablet,High Cholesterol,E78,Disorders of lipoprotein metabolism and other lipidemias,"Endocrine, nutritional and metabolic diseases",HMG-CoA Reductase Inhibitor (Statin),YES,1
Atorvastatin 40mg Tablet (Lipitor),Atorvastatin 40mg Tablet,High Cholesterol,E78,Disorders of lipoprotein metabolism and other lipidemias,"Endocrine, nutritional and metabolic diseases",HMG-CoA Reductase Inhibitor (Statin),YES,1
Atorvastatin 40mg Tablet (Value Brand),Atorvastatin 40mg Tablet,High Cholesterol,E78,Disorders of lipoprotein metabolism and other lipidemias,"Endocrine, nutritional and metabolic diseases",HMG-CoA Reductase Inhibitor (Statin),YES,1
Atorvastatin 80mg Tablet (Lipitor),Atorvastatin 80mg Tablet,High Cholesterol,E78,Disorders of lipoprotein metabolism and other lipidemias,"Endocrine, nutritional and metabolic diseases",HMG-CoA Reductase Inhibitor (Statin),YES,1
Atorvastatin 80mg Tablet (Value Brand),Atorvastatin 80mg Tablet,High Cholesterol,E78,Disorders of lipoprotein metabolism and other lipidemias,"Endocrine, nutritional and metabolic diseases",HMG-CoA Reductase Inhibitor (Statin),YES,1
Azithromycin 200mg/5mL 15mL Suspension (Value Brand),Azithromycin 200mg/5mL 15mL Suspension,Bacterial Infection,A49,Bacterial infection of unspecified site,Certain infectious and parasitic diseases,Macrolide Antibiotic,NO,0
Azithromycin 500mg Tablet (Value Brand),Azithromycin 500mg Tablet,Bacterial Infection,A49,Bacterial infection of unspecified site,Certain infectious and parasitic diseases,Macrolide Antibiotic,YES,0
Baclofen 10mg Tablet (Value Brand),Baclofen 10mg Tablet,Muscle Spasm,M62,Other disorders of muscle,Diseases of the musculoskeletal system and connective tissue,Central Muscle Relaxant (GABA-B Agonist),YES,0
Betahistine 8mg Tablet (Serc),Betahistine 8mg Tablet,Vertigo,H81,Disorders of vestibular function,Diseases of the ear and mastoid process,Histamine Analog (Antivertigo),YES,0
Betahistine 8mg Tablet (Value Brand),Betahistine 8mg Tablet,Vertigo,H81,Disorders of vestibular function,Diseases of the ear and mastoid process,Histamine Analog (Antivertigo),YES,0
Betahistine 16mg Tablet (Serc),Betahistine 16mg Tablet,Vertigo,H81,Disorders of vestibular function,Diseases of the ear and mastoid process,Histamine Analog (Antivertigo),YES,0
Betahistine 16mg Tablet (Value Brand),Betahistine 16mg Tablet,Vertigo,H81,Disorders of vestibular function,Diseases of the ear and mastoid process,Histamine Analog (Antivertigo),YES,0
Betahistine 24mg Tablet (Value Brand),Betahistine 24mg Tablet,Vertigo,H81,Disorders of vestibular function,Diseases of the ear and mastoid process,Histamine Analog (Antivertigo),YES,0
Biperiden 2mg Tablet (Value Brand),Biperiden 2mg Tablet,Parkinson's Disease,G20,Parkinson'S Disease: Parkinson'S Disease,Diseases of the nervous system,Anticholinergic (Antiparkinsonian / Extrapyramidal Symptom Alleviation),YES,0
Bisacodyl 5mg Tablet (Value Brand),Bisacodyl 5mg Tablet,Constipation,K92,Other diseases of digestive system,Diseases of the digestive system,Stimulant Laxative,YES,0
Bisoprolol 2.5mg Tablet (Concore),Bisoprolol 2.5mg Tablet,Hypertension,I10,Essential (Primary) Hypertension: Essential (Primary) Hypertension,Diseases of the circulatory system,Beta-Blocker (Cardioselective),YES,0
Bisoprolol 5mg Tablet (Value Brand),Bisoprolol 5mg Tablet,Hypertension,I10,Essential (Primary) Hypertension: Essential (Primary) Hypertension,Diseases of the circulatory system,Beta-Blocker (Cardioselective),YES,1
"Bortezomib 3.5mg Solution for Injection (Velcade, No Compromise Patient Care Pack of 4s)",Bortezomib 3.5mg Solution for Injection,Hematologic Cancer,C96,"Other and unspecified malignant neoplasms of lymphoid, hematopoietic and related tissue",Neoplasms,Proteasome Inhibitor (Targeted Antineoplastic),NO,0
Butamirate 7.5mg/5mL 120mL Syrup (Value Brand),Butamirate 7.5mg/5mL 120mL Syrup,Cough and Cold,J06,Acute upper respiratory infections of multiple and unspecified sites,Diseases of the respiratory system,Centrally Acting Antitussive (Non-opioid),NO,0
Butamirate 50mg Tablet (Value Brand),Butamirate 50mg Tablet,Cough and Cold,J06,Acute upper respiratory infections of multiple and unspecified sites,Diseases of the respiratory system,Centrally Acting Antitussive (Non-opioid),YES,0
Calcium carbonate + Vitamin D3 Caplet (Value Brand),Calcium carbonate + Vitamin D3 Caplet,Vitamin/Mineral Deficiency,E63,Other nutritional deficiencies,"Endocrine, nutritional and metabolic diseases",Bone Health Nutrient Supplement,YES,0
Calcium carbonate 500mg Tablet (Value Brand),Calcium carbonate 500mg Tablet,Vitamin/Mineral Deficiency,E63,Other nutritional deficiencies,"Endocrine, nutritional and metabolic diseases",Mineral Supplement / Antacid,YES,0
Candesartan 8mg Tablet (Candez),Candesartan 8mg Tablet,Hypertension,I10,Essential (Primary) Hypertension: Essential (Primary) Hypertension,Diseases of the circulatory system,Angiotensin II Receptor Blocker (ARB),YES,0
Candesartan 8mg Tablet (Value Brand),Candesartan 8mg Tablet,Hypertension,I10,Essential (Primary) Hypertension: Essential (Primary) Hypertension,Diseases of the circulatory system,Angiotensin II Receptor Blocker (ARB),YES,0
Candesartan 16mg Tablet (Value Brand),Candesartan 16mg Tablet,Hypertension,I10,Essential (Primary) Hypertension: Essential (Primary) Hypertension,Diseases of the circulatory system,Angiotensin II Receptor Blocker (ARB),YES,1
Captopril 25mg Tablet (Value Brand),Captopril 25mg Tablet,Hypertension,I10,Essential (Primary) Hypertension: Essential (Primary) Hypertension,Diseases of the circulatory system,ACE Inhibitor (Antihypertensive),YES,1
Carbamazepine 200mg Tablet (Value Brand),Carbamazepine 200mg Tablet,Epilepsy,G40,Epilepsy,Diseases of the nervous system,Anticonvulsant / Sodium Channel Blocker,NO,0
Carbocisteine 500mg Capsule (Value Brand),Carbocisteine 500mg Capsule,Cough and Cold,J06,Acute upper respiratory infections of multiple and unspecified sites,Diseases of the respiratory system,Mucolytic Agent,YES,0
Carvedilol 6.25mg Tablet (Carvid),Carvedilol 6.25mg Tablet,Hypertension,I10,Essential (Primary) Hypertension: Essential (Primary) Hypertension,Diseases of the circulatory system,Non-Selective Beta-Blocker + Alpha-1 Blocker,YES,1
Carvedilol 6.25mg Tablet (Value Brand),Carvedilol 6.25mg Tablet,Hypertension,I10,Essential (Primary) Hypertension: Essential (Primary) Hypertension,Diseases of the circulatory system,Non-Selective Beta-Blocker + Alpha-1 Blocker,YES,1
Carvedilol 25mg Tablet (Value Brand),Carvedilol 25mg Tablet,Hypertension,I10,Essential (Primary) Hypertension: Essential (Primary) Hypertension,Diseases of the circulatory system,Non-Selective Beta-Blocker + Alpha-1 Blocker,YES,1
Cefalexin 500mg Capsule (Value Brand),Cefalexin 500mg Capsule,Bacterial Infection,A49,Bacterial infection of unspecified site,Certain infectious and parasitic diseases,First-Generation Cephalosporin Antibiotic,YES,0
Cefixime 20mg/mL 10mL Drops (Value Brand),Cefixime 20mg/mL 10mL Drops,Bacterial Infection,A49,Bacterial infection of unspecified site,Certain infectious and parasitic diseases,Third-Generation Cephalosporin Antibiotic,NO,0
Cefixime 100mg/5mL 60mL Suspension (Value Brand),Cefixime 100mg/5mL 60mL Suspension,Bacterial Infection,A49,Bacterial infection of unspecified site,Certain infectious and parasitic diseases,Third-Generation Cephalosporin Antibiotic,NO,0
Cefixime 200mg Capsule (Value Brand),Cefixime 200mg Capsule,Bacterial Infection,A49,Bacterial infection of unspecified site,Certain infectious and parasitic diseases,Third-Generation Cephalosporin Antibiotic,YES,0
Cefixime 200mg Tablet (Value Brand),Cefixime 200mg Tablet,Bacterial Infection,A49,Bacterial infection of unspecified site,Certain infectious and parasitic diseases,Third-Generation Cephalosporin Antibiotic,YES,0
Cefixime 400mg Capsule (Value Brand),Cefixime 400mg Capsule,Bacterial Infection,A49,Bacterial infection of unspecified site,Certain infectious and parasitic diseases,Third-Generation Cephalosporin Antibiotic,YES,0
Cefuroxime 250mg/5mL 50mL Suspension (Value Brand),Cefuroxime 250mg/5mL 50mL Suspension,Bacterial Infection,A49,Bacterial infection of unspecified site,Certain infectious and parasitic diseases,Second-Generation Cephalosporin Antibiotic,NO,0
Cefuroxime 500mg Tablet (Value Brand),Cefuroxime 500mg Tablet,Bacterial Infection,A49,Bacterial infection of unspecified site,Certain infectious and parasitic diseases,Second-Generation Cephalosporin Antibiotic,YES,0
Celecoxib 100mg Capsule (Celcoxx),Celecoxib 100mg Capsule,Pain and Fever,G89,"Pain, not elsewhere classified",Diseases of the nervous system,COX-2 Selective NSAID,YES,0
Celecoxib 200mg Capsule (Celebrex),Celecoxib 200mg Capsule,Pain and Fever,G89,"Pain, not elsewhere classified",Diseases of the nervous system,COX-2 Selective NSAID,YES,0
Celecoxib 200mg Capsule (Value Brand),Celecoxib 200mg Capsule,Pain and Fever,G89,"Pain, not elsewhere classified",Diseases of the nervous system,COX-2 Selective NSAID,YES,0
Celecoxib 200mg Tablet (Value Brand),Celecoxib 200mg Tablet,Pain and Fever,G89,"Pain, not elsewhere classified",Diseases of the nervous system,COX-2 Selective NSAID,YES,0
Celecoxib 400mg Capsule (Value Brand),Celecoxib 400mg Capsule,Pain and Fever,G89,"Pain, not elsewhere classified",Diseases of the nervous system,COX-2 Selective NSAID,YES,0
Cetirizine 2.5mg/mL 10mL Drops (Value Brand),Cetirizine 2.5mg/mL 10mL Drops,Allergy,J30,Vasomotor and allergic rhinitis,Diseases of the respiratory system,Second-Generation Antihistamine,NO,0
Cetirizine 5mg/5mL 30mL Syrup (Value Brand),Cetirizine 5mg/5mL 30mL Syrup,Allergy,J30,Vasomotor and allergic rhinitis,Diseases of the respiratory system,Second-Generation Antihistamine,NO,0
Cetirizine 10mg Tablet (Value Brand),Cetirizine 10mg Tablet,Allergy,J30,Vasomotor and allergic rhinitis,Diseases of the respiratory system,Second-Generation Antihistamine,YES,0
Cetirizine 10mg/mL 10mL Drops (Value Brand),Cetirizine 10mg/mL 10mL Drops,Allergy,J30,Vasomotor and allergic rhinitis,Diseases of the respiratory system,Second-Generation Antihistamine,NO,0
Chlorphenamine + Paracetamol + Phenylephrine 2mg/325mg/25mg Tablet (Value Brand),Chlorphenamine + Paracetamol + Phenylephrine 2mg/325mg/25mg Tablet,Cough and Cold,J06,Acute upper respiratory infections of multiple and unspecified sites,Diseases of the respiratory system,Antihistamine + Analgesic + Nasal Decongestant,NO,0
Chlorphenamine + Paracetamol + Phenylpropanolamine 2mg/325mg/25mg Tablet (Value Brand),Chlorphenamine + Paracetamol + Phenylpropanolamine 2mg/325mg/25mg Tablet,Cough and Cold,J06,Acute upper respiratory infections of multiple and unspecified sites,Diseases of the respiratory system,Antihistamine + Analgesic + Nasal Decongestant,YES,0
Chlorphenamine + Paracetamol + Phenylpropanolamine Tablet (Value Brand),Chlorphenamine + Paracetamol + Phenylpropanolamine Tablet,Cough and Cold,J06,Acute upper respiratory infections of multiple and unspecified sites,Diseases of the respiratory system,Antihistamine + Analgesic + Nasal Decongestant,NO,0
Chlorphenamine 2.5mg/5mL 60mL Syrup (Value Brand),Chlorphenamine 2.5mg/5mL 60mL Syrup,Allergy,J30,Vasomotor and allergic rhinitis,Diseases of the respiratory system,First-Generation Antihistamine (Alkylamine),NO,0
Chlorphenamine 4mg Tablet (Value Brand),Chlorphenamine 4mg Tablet,Allergy,J30,Vasomotor and allergic rhinitis,Diseases of the respiratory system,First-Generation Antihistamine (Alkylamine),YES,0
Cilostazol 100mg Tablet (Value Brand),Cilostazol 100mg Tablet,Muscle Cramp,I73,Other peripheral vascular diseases,Diseases of the circulatory system,Phosphodiesterase III Inhibitor (Antiplatelet / Vasodilator),YES,0
Cinnarizine 25mg Tablet (Value Brand),Cinnarizine 25mg Tablet,Vertigo,H81,Disorders of vestibular function,Diseases of the ear and mastoid process,Antihistamine / Calcium Channel Blocker (Antivertigo),YES,0
Cinnarizine 75mg Capsule (Value Brand),Cinnarizine 75mg Capsule,Vertigo,H81,Disorders of vestibular function,Diseases of the ear and mastoid process,Antihistamine / Calcium Channel Blocker (Antivertigo),NO,0
Ciprofloxacin 500mg Tablet (Value Brand),Ciprofloxacin 500mg Tablet,Bacterial Infection,A49,Bacterial infection of unspecified site,Certain infectious and parasitic diseases,Fluoroquinolone Antibiotic,YES,0
Citicoline 500mg Tablet (Value Brand),Citicoline 500mg Tablet,Alzheimer's Disease,I67,Other cerebrovascular diseases,Diseases of the circulatory system,Nootropic / Psychostimulant (Neuroprotectant),YES,0
Clarithromycin 125mg/5mL 50mL Suspension (Value Brand),Clarithromycin 125mg/5mL 50mL Suspension,Bacterial Infection,A49,Bacterial infection of unspecified site,Certain infectious and parasitic diseases,Macrolide Antibiotic,NO,0
Clarithromycin 250mg/5mL 50mL Suspension (Value Brand),Clarithromycin 250mg/5mL 50mL Suspension,Bacterial Infection,A49,Bacterial infection of unspecified site,Certain infectious and parasitic diseases,Macrolide Antibiotic,NO,0
Clarithromycin 500mg Tablet (Value Brand),Clarithromycin 500mg Tablet,Bacterial Infection,A49,Bacterial infection of unspecified site,Certain infectious and parasitic diseases,Macrolide Antibiotic,YES,0
Clindamycin 150mg Capsule (Value Brand),Clindamycin 150mg Capsule,Bacterial Infection,A49,Bacterial infection of unspecified site,Certain infectious and parasitic diseases,Lincosamide Antibiotic,YES,0
Clindamycin 300mg Capsule (Value Brand),Clindamycin 300mg Capsule,Bacterial Infection,A49,Bacterial infection of unspecified site,Certain infectious and parasitic diseases,Lincosamide Antibiotic,YES,0
Clonidine 75mcg Tablet (Value Brand),Clonidine 75mcg Tablet,Hypertension,I10,Essential (Primary) Hypertension: Essential (Primary) Hypertension,Diseases of the circulatory system,Centrally Acting Alpha-2 Adrenergic Agonist (Antihypertensive),YES,1
Clonidine 150mcg Tablet (Catapres),Clonidine 150mcg Tablet,Hypertension,I10,Essential (Primary) Hypertension: Essential (Primary) Hypertension,Diseases of the circulatory system,Centrally Acting Alpha-2 Adrenergic Agonist (Antihypertensive),YES,1
Clonidine 150mcg Tablet (Value Brand),Clonidine 150mcg Tablet,Hypertension,I10,Essential (Primary) Hypertension: Essential (Primary) Hypertension,Diseases of the circulatory system,Centrally Acting Alpha-2 Adrenergic Agonist (Antihypertensive),YES,1
Clopidogrel 75mg Tablet (Ritemed),Clopidogrel 75mg Tablet,Ischemic Heart Disease,I24,Other acute ischemic heart diseases,Diseases of the circulatory system,Antiplatelet (P2Y12 Adenosine Diphosphate Receptor Antagonist),YES,0
Clopidogrel 75mg Tablet (Value Brand),Clopidogrel 75mg Tablet,Ischemic Heart Disease,I24,Other acute ischemic heart diseases,Diseases of the circulatory system,Antiplatelet (P2Y12 Adenosine Diphosphate Receptor Antagonist),YES,0
Clotrimazole 1% 10g Cream (Value Brand),Clotrimazole 1% 10g Cream,Fungal Skin Infection,B36,Other superficial mycoses,Certain infectious and parasitic diseases,Topical Antifungal (Imidazole),NO,0
Clotrimazole 10mg/g 20g Cream (Value Brand),Clotrimazole 10mg/g 20g Cream,Fungal Skin Infection,B36,Other superficial mycoses,Certain infectious and parasitic diseases,Topical Antifungal (Imidazole),NO,0
Cloxacillin 500mg Capsule (Value Brand),Cloxacillin 500mg Capsule,Bacterial Infection,A49,Bacterial infection of unspecified site,Certain infectious and parasitic diseases,Penicillinase-Resistant Penicillin Antibiotic,YES,0
Co-Amoxiclav 400mg/57mg/5mL 70mL Suspension (Value Brand),Co-Amoxiclav 400mg/57mg/5mL 70mL Suspension,Bacterial Infection,A49,Bacterial infection of unspecified site,Certain infectious and parasitic diseases,Penicillin Antibiotic + Beta-Lactamase Inhibitor,NO,0
Colchicine 500mcg Tablet (Value Brand),Colchicine 500mcg Tablet,Gout,M10,Gout,Diseases of the musculoskeletal system and connective tissue,Antigout Agent (Microtubule Disruptor),YES,0
Cotrimoxazole 400mg/80mg/5mL 60mL Suspension (Value Brand),Cotrimoxazole 400mg/80mg/5mL 60mL Suspension,Bacterial Infection,A49,Bacterial infection of unspecified site,Certain infectious and parasitic diseases,Sulfonamide + Trimethoprim Antibacterial Combination,NO,0
Cotrimoxazole 800mg Tablet (Value Brand),Cotrimoxazole 800mg Tablet,Bacterial Infection,A49,Bacterial infection of unspecified site,Certain infectious and parasitic diseases,Sulfonamide + Trimethoprim Antibacterial Combination,YES,0
Cyproterone acetate + Ethinylestradiol 2mg/35mcg Tablet (Althea),Cyproterone acetate + Ethinylestradiol 2mg/35mcg Tablet,Contraception,Z30,Encounter for contraceptive management,Factors influencing health status and contact with health services,Antiandrogen + Estrogen Oral Contraceptive Combination,YES,0
Dapagliflozin + Metformin 10mg/1000mg Tablet (Xigduo XR),Dapagliflozin + Metformin 10mg/1000mg Tablet,Diabetes Mellitus,E13,Other specified diabetes mellitus,"Endocrine, nutritional and metabolic diseases",SGLT2 Inhibitor + Biguanide Antidiabetic Combination,YES,0
Dapagliflozin 10mg Tablet (Forxiga),Dapagliflozin 10mg Tablet,Diabetes Mellitus,E13,Other specified diabetes mellitus,"Endocrine, nutritional and metabolic diseases",SGLT2 Inhibitor (Antidiabetic),YES,0
Dapagliflozin 10mg Tablet (Value Brand),Dapagliflozin 10mg Tablet,Diabetes Mellitus,E13,Other specified diabetes mellitus,"Endocrine, nutritional and metabolic diseases",SGLT2 Inhibitor (Antidiabetic),NO,0
Dexamethasone 500mcg Tablet (Value Brand),Dexamethasone 500mcg Tablet,Asthma/COPD,G72,Other and unspecified myopathies,Diseases of the nervous system,Systemic Corticosteroid,YES,0
Dextromethorphan + Paracetamol + Phenylephrine 10mg/325mg/25mg Capsule (Value Brand),Dextromethorphan + Paracetamol + Phenylephrine 10mg/325mg/25mg Capsule,Cough and Cold,J06,Acute upper respiratory infections of multiple and unspecified sites,Diseases of the respiratory system,Antitussive + Analgesic + Decongestant Combination,YES,0
Diclofenac 50mg Tablet (Value Brand),Diclofenac 50mg Tablet,Pain and Fever,G89,"Pain, not elsewhere classified",Diseases of the nervous system,NSAID (Analgesic/Anti-inflammatory),YES,0
Diclofenac 100mg Tablet (Value Brand),Diclofenac 100mg Tablet,Pain and Fever,G89,"Pain, not elsewhere classified",Diseases of the nervous system,NSAID (Analgesic/Anti-inflammatory),YES,0
Digoxin 250mcg Tablet (Value Brand),Digoxin 250mcg Tablet,Cardiac Arrhythmia,I50,Heart failure,Diseases of the circulatory system,Cardiac Glycoside (Inotropic Agent),YES,0
Diltiazem 30mg Tablet (Value Brand),Diltiazem 30mg Tablet,Hypertension,I10,Essential (Primary) Hypertension: Essential (Primary) Hypertension,Diseases of the circulatory system,Non-Dihydropyridine Calcium Channel Blocker,YES,0
Diltiazem 60mg Tablet (Value Brand),Diltiazem 60mg Tablet,Hypertension,I10,Essential (Primary) Hypertension: Essential (Primary) Hypertension,Diseases of the circulatory system,Non-Dihydropyridine Calcium Channel Blocker,YES,1
Diosmin + Hesperidin 450mg/50mg Tablet (Value Brand),Diosmin + Hesperidin 450mg/50mg Tablet,Hemorrhoid,K64,Hemorrhoids and perianal venous thrombosis,Diseases of the digestive system,Phlebotonic / Bioflavonoid (Vascular Stabilizing Agent),NO,0
Diphenhydramine 12.5mg/5mL 60mL Syrup (Value Brand),Diphenhydramine 12.5mg/5mL 60mL Syrup,Allergy,J30,Vasomotor and allergic rhinitis,Diseases of the respiratory system,First-Generation Antihistamine (Ethanolamine),NO,0
Diphenhydramine 25mg Capsule (Value Brand),Diphenhydramine 25mg Capsule,Allergy,J30,Vasomotor and allergic rhinitis,Diseases of the respiratory system,First-Generation Antihistamine (Ethanolamine),YES,0
Diphenhydramine 50mg Capsule (Benadryl),Diphenhydramine 50mg Capsule,Allergy,J30,Vasomotor and allergic rhinitis,Diseases of the respiratory system,First-Generation Antihistamine (Ethanolamine),NO,0
Diphenhydramine 50mg Capsule (Value Brand),Diphenhydramine 50mg Capsule,Allergy,J30,Vasomotor and allergic rhinitis,Diseases of the respiratory system,First-Generation Antihistamine (Ethanolamine),YES,0
Domperidone 10mg Tablet (Motilium),Domperidone 10mg Tablet,Nausea and Vomiting,R11,Nausea And Vomiting: Nausea And Vomiting,"Symptoms, signs and abnormal clinical and laboratory findings, not elsewhere classified",Dopamine Antagonist Prokinetic (Antiemetic),YES,0
Domperidone 10mg Tablet (Value Brand),Domperidone 10mg Tablet,Nausea and Vomiting,R11,Nausea And Vomiting: Nausea And Vomiting,"Symptoms, signs and abnormal clinical and laboratory findings, not elsewhere classified",Dopamine Antagonist Prokinetic (Antiemetic),YES,0
Doxofylline 200mg Tablet (Value Brand),Doxofylline 200mg Tablet,Asthma/COPD,J44,Other chronic obstructive pulmonary disease,Diseases of the respiratory system,Xanthine Derivative Bronchodilator,YES,0
Doxofylline 400mg Tablet (Value Brand),Doxofylline 400mg Tablet,Asthma/COPD,J44,Other chronic obstructive pulmonary disease,Diseases of the respiratory system,Xanthine Derivative Bronchodilator,YES,0
Doxycycline 100mg Capsule (Value Brand),Doxycycline 100mg Capsule,Bacterial Infection,A49,Bacterial infection of unspecified site,Certain infectious and parasitic diseases,Tetracycline Antibiotic,YES,0
Durvalumab 500mg Solution for Infusion (Imfinzi),Durvalumab 500mg Solution for Infusion,Lung Cancer,C34,Malignant neoplasm of bronchus and lung,Neoplasms,Anti-PD-L1 Monoclonal Antibody (Immune Checkpoint Inhibitor),NO,0
Empagliflozin + Linagliptin 25mg/5mg Tablet (Glyxambi),Empagliflozin + Linagliptin 25mg/5mg Tablet,Diabetes Mellitus,E13,Other specified diabetes mellitus,"Endocrine, nutritional and metabolic diseases",SGLT2 Inhibitor + DPP-4 Inhibitor Antidiabetic Combination,YES,0
Empagliflozin + Metformin 12.5mg/500mg Tablet (Jardiance Duo),Empagliflozin + Metformin 12.5mg/500mg Tablet,Diabetes Mellitus,E13,Other specified diabetes mellitus,"Endocrine, nutritional and metabolic diseases",SGLT2 Inhibitor + Biguanide Antidiabetic Combination,YES,0
Empagliflozin 10mg Tablet (Jardiance),Empagliflozin 10mg Tablet,Diabetes Mellitus,E13,Other specified diabetes mellitus,"Endocrine, nutritional and metabolic diseases",SGLT2 Inhibitor (Antidiabetic),YES,0
Empagliflozin 25mg Tablet (Jardiance),Empagliflozin 25mg Tablet,Diabetes Mellitus,E13,Other specified diabetes mellitus,"Endocrine, nutritional and metabolic diseases",SGLT2 Inhibitor (Antidiabetic),YES,0
Enalapril 5mg Tablet (Value Brand),Enalapril 5mg Tablet,Hypertension,I10,Essential (Primary) Hypertension: Essential (Primary) Hypertension,Diseases of the circulatory system,ACE Inhibitor (Antihypertensive),YES,1
Enalapril 10mg Tablet (Value Brand),Enalapril 10mg Tablet,Hypertension,I10,Essential (Primary) Hypertension: Essential (Primary) Hypertension,Diseases of the circulatory system,ACE Inhibitor (Antihypertensive),YES,0
Enalapril 20mg Tablet (Value Brand),Enalapril 20mg Tablet,Hypertension,I10,Essential (Primary) Hypertension: Essential (Primary) Hypertension,Diseases of the circulatory system,ACE Inhibitor (Antihypertensive),YES,1
Eperisone 50mg Tablet (Myonal),Eperisone 50mg Tablet,Pain and Fever,G89,"Pain, not elsewhere classified",Diseases of the nervous system,Centrally Acting Muscle Relaxant,YES,0
Eperisone 50mg Tablet (Value Brand),Eperisone 50mg Tablet,Pain and Fever,G89,"Pain, not elsewhere classified",Diseases of the nervous system,Centrally Acting Muscle Relaxant,YES,0
Erythromycin 0.5% 5mg Ointment (Value Brand),Erythromycin 0.5% 5mg Ointment,Bacterial Skin Infection,L08,Other local infections of skin and subcutaneous tissue,Diseases of the skin and subcutaneous tissue,Ophthalmic Macrolide Antibiotic,NO,0
Erythromycin 3.5g Ointment (Value Brand),Erythromycin 3.5g Ointment,Conjunctivitis,H10,Conjunctivitis,Diseases of the eye and adnexa,Ophthalmic Macrolide Antibiotic,NO,0
Erythromycin 500mg Tablet (Value Brand),Erythromycin 500mg Tablet,Bacterial Infection,A49,Bacterial infection of unspecified site,Certain infectious and parasitic diseases,Macrolide Antibiotic,NO,0
Escitalopram 10mg Tablet (Escivex),Escitalopram 10mg Tablet,Mental Health,F99,"Mental Disorder, Not Otherwise Specified: Mental Disorder, Not Otherwise Specified","Mental, Behavioral and Neurodevelopmental disorders",Selective Serotonin Reuptake Inhibitor (SSRI Antidepressant),NO,0
Escitalopram 10mg Tablet (Value Brand),Escitalopram 10mg Tablet,Mental Health,F99,"Mental Disorder, Not Otherwise Specified: Mental Disorder, Not Otherwise Specified","Mental, Behavioral and Neurodevelopmental disorders",Selective Serotonin Reuptake Inhibitor (SSRI Antidepressant),YES,0
Esomeprazole 40mg Tablet (Value Brand),Esomeprazole 40mg Tablet,Hyperacidity,K21,Gastro-esophageal reflux disease,Diseases of the digestive system,Proton Pump Inhibitor (Acid Reducer),YES,0
Essential Phospholipids 300mg Capsule (Value Brand),Essential Phospholipids 300mg Capsule,Vitamin/Mineral Deficiency,E63,Other nutritional deficiencies,"Endocrine, nutritional and metabolic diseases",Hepatoprotective Nutrient Supplement,YES,0
Ethambutol + Isoniazid + Pyrazinamide + Rifampicin 275mg/75mg/400mg/150mg Tablet (Value Brand),Ethambutol + Isoniazid + Pyrazinamide + Rifampicin 275mg/75mg/400mg/150mg Tablet,Tuberculosis,A15,Respiratory tuberculosis,Certain infectious and parasitic diseases,Antituberculosis Fixed-Dose Combination,NO,0
Etoricoxib 60mg Tablet (Arcoxia),Etoricoxib 60mg Tablet,Pain and Fever,G89,"Pain, not elsewhere classified",Diseases of the nervous system,COX-2 Selective NSAID,YES,0
Etoricoxib 60mg Tablet (Value Brand),Etoricoxib 60mg Tablet,Pain and Fever,G89,"Pain, not elsewhere classified",Diseases of the nervous system,COX-2 Selective NSAID,YES,0
Etoricoxib 90mg Tablet (Value Brand),Etoricoxib 90mg Tablet,Pain and Fever,G89,"Pain, not elsewhere classified",Diseases of the nervous system,COX-2 Selective NSAID,YES,0
Etoricoxib 120mg Tablet (Arcoxia),Etoricoxib 120mg Tablet,Pain and Fever,G89,"Pain, not elsewhere classified",Diseases of the nervous system,COX-2 Selective NSAID,YES,0
Etoricoxib 120mg Tablet (Value Brand),Etoricoxib 120mg Tablet,Pain and Fever,G89,"Pain, not elsewhere classified",Diseases of the nervous system,COX-2 Selective NSAID,YES,0
Febuxostat 20mg Tablet (Atenurix),Febuxostat 20mg Tablet,Gout,M10,Gout,Diseases of the musculoskeletal system and connective tissue,Xanthine Oxidase Inhibitor (Antigout),NO,0
Febuxostat 40mg Tablet (Atenurix),Febuxostat 40mg Tablet,Gout,M10,Gout,Diseases of the musculoskeletal system and connective tissue,Xanthine Oxidase Inhibitor (Antigout),YES,0
Febuxostat 40mg Tablet (Furic),Febuxostat 40mg Tablet,Gout,M10,Gout,Diseases of the musculoskeletal system and connective tissue,Xanthine Oxidase Inhibitor (Antigout),NO,0
Febuxostat 40mg Tablet (Value Brand),Febuxostat 40mg Tablet,Gout,M10,Gout,Diseases of the musculoskeletal system and connective tissue,Xanthine Oxidase Inhibitor (Antigout),YES,0
Febuxostat 80mg Tablet (Value Brand),Febuxostat 80mg Tablet,Gout,M10,Gout,Diseases of the musculoskeletal system and connective tissue,Xanthine Oxidase Inhibitor (Antigout),YES,0
Felodipine 5mg Tablet (Value Brand),Felodipine 5mg Tablet,Hypertension,I10,Essential (Primary) Hypertension: Essential (Primary) Hypertension,Diseases of the circulatory system,Dihydropyridine Calcium Channel Blocker,NO,0
Fenofibrate 160mg Capsule (Value Brand),Fenofibrate 160mg Capsule,High Cholesterol,E78,Disorders of lipoprotein metabolism and other lipidemias,"Endocrine, nutritional and metabolic diseases",PPAR-alpha Activator,YES,0
Fenofibrate 160mg Tablet (Value Brand),Fenofibrate 160mg Tablet,High Cholesterol,E78,Disorders of lipoprotein metabolism and other lipidemias,"Endocrine, nutritional and metabolic diseases",PPAR-alpha Activator,YES,0
Fenofibrate 200mg Capsule (Value Brand),Fenofibrate 200mg Capsule,High Cholesterol,E78,Disorders of lipoprotein metabolism and other lipidemias,"Endocrine, nutritional and metabolic diseases",PPAR-alpha Activator,YES,1
Fenofibrate 250mg Capsule (Lipway SR),Fenofibrate 250mg Capsule,High Cholesterol,E78,Disorders of lipoprotein metabolism and other lipidemias,"Endocrine, nutritional and metabolic diseases",PPAR-alpha Activator,YES,0
Ferrous sulfate + Folic acid 300mg/250mcg Tablet (Value Brand),Ferrous sulfate + Folic acid 300mg/250mcg Tablet,Anemia,D52,Folate deficiency anemia,Diseases of the blood and blood-forming organs and certain disorders involving the immune mechanism,Iron + Vitamin B9 Supplement (Pre/Antenatal Hematinic),YES,0
Ferrous sulfate 75mg/0.6mL 15mL Drops (Value Brand),Ferrous sulfate 75mg/0.6mL 15mL Drops,Anemia,D50,Iron deficiency anemia,Diseases of the blood and blood-forming organs and certain disorders involving the immune mechanism,Iron Supplement (Hematinic),NO,0
Ferrous sulfate 250mg Capsule (Value Brand),Ferrous sulfate 250mg Capsule,Anemia,D50,Iron deficiency anemia,Diseases of the blood and blood-forming organs and certain disorders involving the immune mechanism,Iron Supplement (Hematinic),NO,0
Ferrous sulfate 325mg Tablet (Value Brand),Ferrous sulfate 325mg Tablet,Anemia,D50,Iron deficiency anemia,Diseases of the blood and blood-forming organs and certain disorders involving the immune mechanism,Iron Supplement (Hematinic),YES,0
Ferrous sulfate 500mg Capsule (Value Brand),Ferrous sulfate 500mg Capsule,Anemia,D50,Iron deficiency anemia,Diseases of the blood and blood-forming organs and certain disorders involving the immune mechanism,Iron Supplement (Hematinic),YES,0
Finasteride 5mg Tablet (Value Brand),Finasteride 5mg Tablet,Benign Prostatic Hyperplasia,N40,Hyperplasia Of Prostate: Hyperplasia Of Prostate,Diseases of the genitourinary system,5-Alpha Reductase Inhibitor (BPH Therapy),YES,0
Fish Oil 1000mg Capsule (Value Brand),Fish Oil 1000mg Capsule,Vitamin/Mineral Deficiency,E63,Other nutritional deficiencies,"Endocrine, nutritional and metabolic diseases",Nutritional Supplement / Omega-3 Source,YES,0
Fluconazole 150mg Capsule (Value Brand),Fluconazole 150mg Capsule,Fungal Infection,B35,Dermatophytosis,Certain infectious and parasitic diseases,Triazole Antifungal,YES,0
Fluconazole 150mg Tablet (Value Brand),Fluconazole 150mg Tablet,Fungal Infection,B48,"Other mycoses, not elsewhere classified",Certain infectious and parasitic diseases,Triazole Antifungal,YES,0
Fluoxetine 20mg Capsule (Drafzin),Fluoxetine 20mg Capsule,Mental Health,F39,Unspecified Mood [Affective] Disorder: Unspecified Mood [Affective] Disorder,"Mental, Behavioral and Neurodevelopmental disorders",Selective Serotonin Reuptake Inhibitor (SSRI Antidepressant),NO,0
Folic acid 5mg Capsule (Value Brand),Folic acid 5mg Capsule,Vitamin/Mineral Deficiency,E63,Other nutritional deficiencies,"Endocrine, nutritional and metabolic diseases",Vitamin B9 Supplement,YES,0
Fulvestrant 250mg/5mL Pre-filled Syringe (Faslodex 2s),Fulvestrant 250mg/5mL Pre-filled Syringe,Breast Cancer,C50,Malignant neoplasm of breast,Neoplasms,Estrogen Receptor Antagonist (Hormonal Antineoplastic),NO,0
Furosemide + Potassium chloride 40mg/600mg Tablet (Diumide-K),Furosemide + Potassium chloride 40mg/600mg Tablet,Hypertension,I10,Essential (Primary) Hypertension: Essential (Primary) Hypertension,Diseases of the circulatory system,Loop Diuretic + Potassium Supplement Combination,YES,0
Furosemide 20mg Tablet (Value Brand),Furosemide 20mg Tablet,Hypertension,I10,Essential (Primary) Hypertension: Essential (Primary) Hypertension,Diseases of the circulatory system,Loop Diuretic,YES,0
Furosemide 40mg Tablet (Value Brand),Furosemide 40mg Tablet,Hypertension,I10,Essential (Primary) Hypertension: Essential (Primary) Hypertension,Diseases of the circulatory system,Loop Diuretic,YES,1
Gabapentin 100mg Capsule (Value Brand),Gabapentin 100mg Capsule,Epilepsy,G40,Epilepsy,Diseases of the nervous system,Anticonvulsant / GABA Analog (Neuropathic Pain Therapy),YES,0
Gabapentin 300mg Capsule (Value Brand),Gabapentin 300mg Capsule,Epilepsy,G40,Epilepsy,Diseases of the nervous system,Anticonvulsant / GABA Analog (Neuropathic Pain Therapy),YES,0
Gliclazide 30mg Tablet (Value Brand),Gliclazide 30mg Tablet,Diabetes Mellitus,E13,Other specified diabetes mellitus,"Endocrine, nutritional and metabolic diseases",Sulfonylurea (Antidiabetic),YES,1
Gliclazide 60mg Tablet (Diamicron MR),Gliclazide 60mg Tablet,Diabetes Mellitus,E13,Other specified diabetes mellitus,"Endocrine, nutritional and metabolic diseases",Sulfonylurea (Antidiabetic),YES,1
Gliclazide 60mg Tablet (Value Brand),Gliclazide 60mg Tablet,Diabetes Mellitus,E13,Other specified diabetes mellitus,"Endocrine, nutritional and metabolic diseases",Sulfonylurea (Antidiabetic),YES,1
Gliclazide 80mg Tablet (Value Brand),Gliclazide 80mg Tablet,Diabetes Mellitus,E13,Other specified diabetes mellitus,"Endocrine, nutritional and metabolic diseases",Sulfonylurea (Antidiabetic),YES,1
Glimepiride + Metformin 2mg/500mg Tablet (Lupimet),Glimepiride + Metformin 2mg/500mg Tablet,Diabetes Mellitus,E13,Other specified diabetes mellitus,"Endocrine, nutritional and metabolic diseases",Sulfonylurea + Biguanide Antidiabetic Combination,YES,0
Glimepiride 1mg Tablet (Norizec),Glimepiride 1mg Tablet,Diabetes Mellitus,E13,Other specified diabetes mellitus,"Endocrine, nutritional and metabolic diseases",Sulfonylurea (Antidiabetic),YES,0
Glimepiride 2mg Tablet (Value Brand),Glimepiride 2mg Tablet,Diabetes Mellitus,E13,Other specified diabetes mellitus,"Endocrine, nutritional and metabolic diseases",Sulfonylurea (Antidiabetic),YES,1
Glimepiride 3mg Tablet (Value Brand),Glimepiride 3mg Tablet,Diabetes Mellitus,E13,Other specified diabetes mellitus,"Endocrine, nutritional and metabolic diseases",Sulfonylurea (Antidiabetic),YES,1
Glimepiride 4mg Tablet (Value Brand),Glimepiride 4mg Tablet,Diabetes Mellitus,E13,Other specified diabetes mellitus,"Endocrine, nutritional and metabolic diseases",Sulfonylurea (Antidiabetic),YES,1
Glipizide 5mg Tablet (Value Brand),Glipizide 5mg Tablet,Diabetes Mellitus,E13,Other specified diabetes mellitus,"Endocrine, nutritional and metabolic diseases",Sulfonylurea (Antidiabetic),NO,0
Goserelin 3.6mg Pre-filled Syringe (Zoladex),Goserelin 3.6mg Pre-filled Syringe,Prostate Cancer,C61,Malignant neoplasm of prostate,Neoplasms,GnRH Agonist (Hormonal Antineoplastic),NO,0
Goserelin 10.8mg Pre-filled Syringe (Zoladex),Goserelin 10.8mg Pre-filled Syringe,Prostate Cancer,C61,Malignant neoplasm of prostate,Neoplasms,GnRH Agonist (Hormonal Antineoplastic),NO,0
Guaifenesin + Salbutamol 100mg/2mg Capsule (Value Brand),Guaifenesin + Salbutamol 100mg/2mg Capsule,Cough and Cold,J06,Acute upper respiratory infections of multiple and unspecified sites,Diseases of the respiratory system,Expectorant + Short-Acting Beta-2 Agonist Combination,YES,0
Hydrochlorothiazide 12.5mg Tablet (Value Brand),Hydrochlorothiazide 12.5mg Tablet,Hypertension,I10,Essential (Primary) Hypertension: Essential (Primary) Hypertension,Diseases of the circulatory system,Thiazide Diuretic,NO,0
Hydrochlorothiazide 25mg Tablet (Value Brand),Hydrochlorothiazide 25mg Tablet,Hypertension,I10,Essential (Primary) Hypertension: Essential (Primary) Hypertension,Diseases of the circulatory system,Thiazide Diuretic,NO,0
Hyoscine 10mg Tablet (Value Brand),Hyoscine 10mg Tablet,Nausea and Vomiting,R11,Nausea And Vomiting: Nausea And Vomiting,"Symptoms, signs and abnormal clinical and laboratory findings, not elsewhere classified",Anticholinergic (Gastrointestinal Antispasmodic),YES,0
Ibrutinib 140mg Capsule (Imbruvica 90s),Ibrutinib 140mg Capsule,Leukemia,C96,"Other and unspecified malignant neoplasms of lymphoid, hematopoietic and related tissue",Neoplasms,Bruton's Tyrosine Kinase (BTK) Inhibitor / Targeted Antineoplastic,NO,0
Ibuprofen + Paracetamol 200mg/325mg Tablet (Value Brand),Ibuprofen + Paracetamol 200mg/325mg Tablet,Pain and Fever,G89,"Pain, not elsewhere classified",Diseases of the nervous system,NSAID + Non-Opioid Analgesic Combination,YES,0
Ibuprofen 200mg Capsule (Value Brand),Ibuprofen 200mg Capsule,Pain and Fever,G89,"Pain, not elsewhere classified",Diseases of the nervous system,NSAID (Analgesic/Anti-inflammatory),YES,0
Ibuprofen 200mg Tablet (Value Brand),Ibuprofen 200mg Tablet,Pain and Fever,G89,"Pain, not elsewhere classified",Diseases of the nervous system,NSAID (Analgesic/Anti-inflammatory),YES,0
Ibuprofen 200mg/5mL 60mL Syrup (Value Brand),Ibuprofen 200mg/5mL 60mL Syrup,Pain and Fever,G89,"Pain, not elsewhere classified",Diseases of the nervous system,NSAID (Analgesic/Anti-inflammatory),NO,0
Ibuprofen 400mg Tablet (Value Brand),Ibuprofen 400mg Tablet,Pain and Fever,G89,"Pain, not elsewhere classified",Diseases of the nervous system,NSAID (Analgesic/Anti-inflammatory),YES,0
Inclisiran 284mg/1.5mL Solution for Injection Pre-filled Pen (Sybrava),Inclisiran 284mg/1.5mL Solution for Injection,N/A,N/A,N/A,N/A,N/A,NO,0
Infliximab 100mg Vial (Remicade),Infliximab 100mg Vial,Rheumatoid Arthritis,M05,Rheumatoid arthritis with rheumatoid factor,Diseases of the musculoskeletal system and connective tissue,Anti-TNF-alpha Monoclonal Antibody (Biologic Immunomodulator),NO,0
Irbesartan + Hydrochlorothiazide 150mg/12.5mg Tablet (Co-Aprovel),Irbesartan + Hydrochlorothiazide 150mg/12.5mg Tablet,Hypertension,I10,Essential (primary) hypertension,Diseases of the circulatory system,ARB + Thiazide Diuretic Combination,NO,0
Irbesartan 150mg Tablet (Value Brand),Irbesartan 150mg Tablet,Hypertension,I10,Essential (Primary) Hypertension: Essential (Primary) Hypertension,Diseases of the circulatory system,Angiotensin II Receptor Blocker (ARB),YES,1
Irbesartan 300mg Tablet (Value Brand),Irbesartan 300mg Tablet,Hypertension,I10,Essential (Primary) Hypertension: Essential (Primary) Hypertension,Diseases of the circulatory system,Angiotensin II Receptor Blocker (ARB),YES,1
Iron + Folic acid 60mg/400mcg Tablet (Value Brand),Iron + Folic acid 60mg/400mcg Tablet,Anemia,D50,Iron deficiency anemia,Diseases of the blood and blood-forming organs and certain disorders involving the immune mechanism,Hematinic + Vitamin B9 Nutritional Combination,NO,0
Isosorbide dinitrate 5mg Tablet (Isordil),Isosorbide dinitrate 5mg Tablet,Ischemic Heart Disease,I24,Other acute ischemic heart diseases,Diseases of the circulatory system,Vasodilator / Organic Nitrate (Antianginal),YES,0
Isosorbide dinitrate 5mg Tablet (Value Brand),Isosorbide dinitrate 5mg Tablet,Ischemic Heart Disease,I24,Other acute ischemic heart diseases,Diseases of the circulatory system,Vasodilator / Organic Nitrate (Antianginal),YES,0
Isosorbide dinitrate 10mg Tablet (Value Brand),Isosorbide dinitrate 10mg Tablet,Ischemic Heart Disease,I24,Other acute ischemic heart diseases,Diseases of the circulatory system,Vasodilator / Organic Nitrate (Antianginal),YES,0
Isosorbide mononitrate 30mg Capsule (Value Brand),Isosorbide mononitrate 30mg Capsule,Ischemic Heart Disease,I24,Other acute ischemic heart diseases,Diseases of the circulatory system,Vasodilator / Organic Nitrate (Antianginal),NO,0
Isosorbide mononitrate 30mg Tablet (Value Brand),Isosorbide mononitrate 30mg Tablet,Ischemic Heart Disease,I24,Other acute ischemic heart diseases,Diseases of the circulatory system,Vasodilator / Organic Nitrate (Antianginal),YES,0
Isosorbide mononitrate 60mg Capsule (Value Brand),Isosorbide mononitrate 60mg Capsule,Ischemic Heart Disease,I24,Other acute ischemic heart diseases,Diseases of the circulatory system,Vasodilator / Organic Nitrate (Antianginal),NO,0
Isosorbide mononitrate 60mg Tablet (Value Brand),Isosorbide mononitrate 60mg Tablet,Ischemic Heart Disease,I24,Other acute ischemic heart diseases,Diseases of the circulatory system,Vasodilator / Organic Nitrate (Antianginal),YES,0
Isoxsuprine 10mg Tablet (Value Brand),Isoxsuprine 10mg Tablet,Premature Labor,O60,Preterm Delivery: Preterm Delivery,"Pregnancy, childbirth and the puerperium",Beta-Adrenergic Agonist / Peripheral Vasodilator (Uterine Relaxant),YES,0
Ivabradine 7.5mg Tablet (Coralan),Ivabradine 7.5mg Tablet,Ischemic Heart Disease,I24,Other acute ischemic heart diseases,Diseases of the circulatory system,Hyperpolarization-Activated Cyclic Nucleotide-Gated (HCN) Blocker,NO,0
Ketoanalogues + Essential Amino Acids 600mg Tablet (Value Brand),Ketoanalogues + Essential Amino Acids 600mg Tablet,Chronic Kidney Disease,N18,Chronic kidney disease (CKD),Diseases of the genitourinary system,Essential Amino Acids / Nutritional Support for Chronic Kidney Disease,YES,0
Ketoconazole 2% 20mg/6mL Shampoo (Value Brand),Ketoconazole 2% 20mg/6mL Shampoo,Fungal Skin Infection,B36,Other superficial mycoses,Certain infectious and parasitic diseases,Medicated Antifungal Scalp Treatment,NO,0
Ketoconazole 20mg 15g Cream (Value Brand),Ketoconazole 20mg 15g Cream,Fungal Skin Infection,L98,"Other disorders of skin and subcutaneous tissue, not elsewhere classified",Diseases of the skin and subcutaneous tissue,Topical Antifungal (Imidazole),NO,0
Lacidipine 2mg Tablet (Lacipil),Lacidipine 2mg Tablet,Hypertension,I10,Essential (Primary) Hypertension: Essential (Primary) Hypertension,Diseases of the circulatory system,Dihydropyridine Calcium Channel Blocker (Antihypertensive),YES,0
Lacidipine 6mg Tablet (Lacipil),Lacidipine 6mg Tablet,Hypertension,I10,Essential (Primary) Hypertension: Essential (Primary) Hypertension,Diseases of the circulatory system,Dihydropyridine Calcium Channel Blocker (Antihypertensive),YES,0
Lagundi 300mg Tablet (Value Brand),Lagundi 300mg Tablet,Cough and Cold,J06,Acute upper respiratory infections of multiple and unspecified sites,Diseases of the respiratory system,Herbal Antitussive / Anti-asthmatic (Traditional Medicine),YES,0
Lagundi 300mg/5mL 60mL Syrup (Value Brand),Lagundi 300mg/5mL 60mL Syrup,Cough and Cold,J06,Acute upper respiratory infections of multiple and unspecified sites,Diseases of the respiratory system,Herbal Antitussive / Anti-asthmatic (Traditional Medicine),NO,0
Lagundi 300mg/5mL 120mL Syrup (Value Brand),Lagundi 300mg/5mL 120mL Syrup,Cough and Cold,J06,Acute upper respiratory infections of multiple and unspecified sites,Diseases of the respiratory system,Herbal Antitussive / Anti-asthmatic (Traditional Medicine),NO,0
Lagundi 600mg Capsule (Value Brand),Lagundi 600mg Capsule,Cough and Cold,J06,Acute upper respiratory infections of multiple and unspecified sites,Diseases of the respiratory system,Herbal Antitussive / Anti-asthmatic (Traditional Medicine),YES,0
Lagundi 600mg Tablet (Value Brand),Lagundi 600mg Tablet,Cough and Cold,J06,Acute upper respiratory infections of multiple and unspecified sites,Diseases of the respiratory system,Herbal Antitussive / Anti-asthmatic (Traditional Medicine),YES,0
Lamotrigine 50mg Tablet (Lamictal),Lamotrigine 50mg Tablet,Mental Health,G40,Epilepsy,Diseases of the nervous system,Anticonvulsant / Phenyltriazine Derivative,YES,0
Lamotrigine 50mg Tablet (Motrigine),Lamotrigine 50mg Tablet,Mental Health,G40,Epilepsy,Diseases of the nervous system,Anticonvulsant / Phenyltriazine Derivative,NO,0
Lamotrigine 50mg Tablet (Value Brand),Lamotrigine 50mg Tablet,Mental Health,G40,Epilepsy,Diseases of the nervous system,Anticonvulsant / Phenyltriazine Derivative,NO,0
Lamotrigine 100mg Tablet (Lamictal),Lamotrigine 100mg Tablet,Epilepsy,G40,Epilepsy,Diseases of the nervous system,Anticonvulsant / Phenyltriazine Derivative,YES,0
Lamotrigine 100mg Tablet (Motrigine),Lamotrigine 100mg Tablet,Epilepsy,G40,Epilepsy,Diseases of the nervous system,Anticonvulsant / Phenyltriazine Derivative,NO,0
Levocetirizine + Montelukast 5mg/10mg Tablet (Value Brand),Levocetirizine + Montelukast 5mg/10mg Tablet,Asthma/COPD,J45,Asthma: Predominantly Allergic Asthma,Diseases of the respiratory system,Second-Generation Antihistamine + Leukotriene Receptor Antagonist,YES,0
Levocetirizine + Montelukast 5mg/10mg Tablet (Zykast),Levocetirizine + Montelukast 5mg/10mg Tablet,Asthma/COPD,J45,Asthma: Predominantly Allergic Asthma,Diseases of the respiratory system,Second-Generation Antihistamine + Leukotriene Receptor Antagonist,YES,0
Levocetirizine 5mg Tablet (Value Brand),Levocetirizine 5mg Tablet,Allergy,J30,Vasomotor and allergic rhinitis,Diseases of the respiratory system,Second-Generation Antihistamine,YES,0
Levofloxacin 500mg Tablet (Value Brand),Levofloxacin 500mg Tablet,Bacterial Infection,A49,Bacterial infection of unspecified site,Certain infectious and parasitic diseases,Fluoroquinolone Antibiotic,YES,0
Levofloxacin 750mg Tablet (Value Brand),Levofloxacin 750mg Tablet,Bacterial Infection,A49,Bacterial infection of unspecified site,Certain infectious and parasitic diseases,Fluoroquinolone Antibiotic,YES,0
Levothyroxine 25mcg Tablet (Thydin),Levothyroxine 25mcg Tablet,Thyroid Disorder,E07,Other disorders of thyroid,"Endocrine, nutritional and metabolic diseases",Synthetic Thyroid Hormone (T4 Replacement),NO,0
Levothyroxine 25mcg Tablet (Value Brand),Levothyroxine 25mcg Tablet,Thyroid Disorder,E07,Other disorders of thyroid,"Endocrine, nutritional and metabolic diseases",Synthetic Thyroid Hormone (T4 Replacement),NO,0
Levothyroxine 50mcg Tablet (Value Brand),Levothyroxine 50mcg Tablet,Thyroid Disorder,E07,Other disorders of thyroid,"Endocrine, nutritional and metabolic diseases",Synthetic Thyroid Hormone (T4 Replacement),YES,0
Levothyroxine 100mcg Tablet (Euthyrox),Levothyroxine 100mcg Tablet,Thyroid Disorder,E07,Other disorders of thyroid,"Endocrine, nutritional and metabolic diseases",Synthetic Thyroid Hormone (T4 Replacement),NO,0
Levothyroxine 100mcg Tablet (Value Brand),Levothyroxine 100mcg Tablet,Thyroid Disorder,E07,Other disorders of thyroid,"Endocrine, nutritional and metabolic diseases",Synthetic Thyroid Hormone (T4 Replacement),YES,0
Levothyroxine 150mcg Tablet (Euthyrox),Levothyroxine 150mcg Tablet,Thyroid Disorder,E07,Other disorders of thyroid,"Endocrine, nutritional and metabolic diseases",Synthetic Thyroid Hormone (T4 Replacement),YES,0
Liraglutide 6mg/mL Pre-filled Pen 3s (Saxenda),Liraglutide 6mg/mL 3mL Pre-filled Pen 3s,Diabetes Mellitus,E13,Other specified diabetes mellitus,"Endocrine, nutritional and metabolic diseases",GLP-1 Receptor Agonist (Antidiabetic / Weight Management),NO,0
Loperamide 2mg Capsule (Value Brand),Loperamide 2mg Capsule,Diarrhea,K52,Other and unspecified noninfective gastroenteritis and colitis,Diseases of the digestive system,Opioid-Receptor Agonist Antidiarrheal (Peripherally Acting),YES,0
Loratadine 10mg Tablet (Value Brand),Loratadine 10mg Tablet,Allergy,J30,Vasomotor and allergic rhinitis,Diseases of the respiratory system,Second-Generation Antihistamine,YES,0
Losartan + Amlodipine 50mg/5mg Tablet (Value Brand),Losartan + Amlodipine 50mg/5mg Tablet,Hypertension,N/A,N/A,N/A,N/A,YES,0
Losartan + Hydrochlorothiazide 50mg/12.5mg Tablet (Value Brand),Losartan + Hydrochlorothiazide 50mg/12.5mg Tablet,Hypertension,I10,Essential (Primary) Hypertension: Essential (Primary) Hypertension,Diseases of the circulatory system,ARB + Thiazide Diuretic Combination,YES,1
Losartan + Hydrochlorothiazide 100mg/25mg Tablet (Value Brand),Losartan + Hydrochlorothiazide 100mg/25mg Tablet,Hypertension,I10,Essential (Primary) Hypertension: Essential (Primary) Hypertension,Diseases of the circulatory system,ARB + Thiazide Diuretic Combination,YES,1
Losartan 50mg Tablet (Ritemed),Losartan 50mg Tablet,Hypertension,I10,Essential (Primary) Hypertension: Essential (Primary) Hypertension,Diseases of the circulatory system,Angiotensin II Receptor Blocker (ARB),YES,1
Losartan 50mg Tablet (Value Brand),Losartan 50mg Tablet,Hypertension,I10,Essential (Primary) Hypertension: Essential (Primary) Hypertension,Diseases of the circulatory system,Angiotensin II Receptor Blocker (ARB),YES,1
Losartan 100mg Tablet (Cozaar),Losartan 100mg Tablet,Hypertension,I10,Essential (Primary) Hypertension: Essential (Primary) Hypertension,Diseases of the circulatory system,Angiotensin II Receptor Blocker (ARB),YES,1
Losartan 100mg Tablet (Ritemed),Losartan 100mg Tablet,Hypertension,I10,Essential (Primary) Hypertension: Essential (Primary) Hypertension,Diseases of the circulatory system,Angiotensin II Receptor Blocker (ARB),YES,1
Losartan 100mg Tablet (Value Brand),Losartan 100mg Tablet,Hypertension,I10,Essential (Primary) Hypertension: Essential (Primary) Hypertension,Diseases of the circulatory system,Angiotensin II Receptor Blocker (ARB),YES,1
Lutein + Vit. C + Vit. E + Zinc Capsule (Value Brand),Lutein + Vit. C + Vit. E + Zinc Capsule,Vitamin/Mineral Deficiency,E63,Other nutritional deficiencies,"Endocrine, nutritional and metabolic diseases",Ocular Health Antioxidant Formulation,NO,0
Macitentan 10mg Tablet (Opsumit 30s),Macitentan 10mg Tablet,Pulmonary Arterial Hypertension,I27,Other pulmonary heart diseases,Diseases of the circulatory system,Endothelin Receptor Antagonist (Pulmonary Hypertension Therapy),NO,0
Malunggay 500mg Capsule (Value Brand),Malunggay 500mg Capsule,Vitamin/Mineral Deficiency,O92,Other disorders of breast and disorders of lactation associated with pregnancy and the puerperium,"Pregnancy, childbirth and the puerperium",Herbal Supplement (Nutritional/Moringa Leaf),YES,0
Mangosteen 500mg Capsule (Value Brand),Mangosteen 500mg Capsule,Vitamin/Mineral Deficiency,E63,Other nutritional deficiencies,"Endocrine, nutritional and metabolic diseases",Herbal Extract Supplement (Antioxidant),YES,0
Mebendazole 500mg Tablet (Value Brand),Mebendazole 500mg Tablet,Parasitic Infection,B89,Unspecified Parasitic Disease: Unspecified Parasitic Disease,Certain infectious and parasitic diseases,Anthelmintic (Antiparasitic),YES,0
Meclizine 25mg Tablet (Value Brand),Meclizine 25mg Tablet,Nausea and Vomiting,R11,Nausea And Vomiting: Nausea And Vomiting,"Symptoms, signs and abnormal clinical and laboratory findings, not elsewhere classified",First-Generation Antihistamine (Piperazine / Antivertigo),YES,0
Mefenamic acid 250mg Capsule (Value Brand),Mefenamic acid 250mg Capsule,Pain and Fever,G89,"Pain, not elsewhere classified",Diseases of the nervous system,Anthranilic Acid Derivative NSAID (Analgesic),YES,0
Mefenamic acid 250mg Tablet (Value Brand),Mefenamic acid 250mg Tablet,Pain and Fever,G89,"Pain, not elsewhere classified",Diseases of the nervous system,Anthranilic Acid Derivative NSAID (Analgesic),YES,0
Mefenamic acid 500mg Capsule (Value Brand),Mefenamic acid 500mg Capsule,Pain and Fever,G89,"Pain, not elsewhere classified",Diseases of the nervous system,Anthranilic Acid Derivative NSAID (Analgesic),YES,0
Mefenamic acid 500mg Tablet (Dolfenal),Mefenamic acid 500mg Tablet,Pain and Fever,G89,"Pain, not elsewhere classified",Diseases of the nervous system,Anthranilic Acid Derivative NSAID (Analgesic),YES,0
Mefenamic acid 500mg Tablet (Ritemed),Mefenamic acid 500mg Tablet,Pain and Fever,G89,"Pain, not elsewhere classified",Diseases of the nervous system,Anthranilic Acid Derivative NSAID (Analgesic),YES,0
Mefenamic acid 500mg Tablet (Value Brand),Mefenamic acid 500mg Tablet,Pain and Fever,G89,"Pain, not elsewhere classified",Diseases of the nervous system,Anthranilic Acid Derivative NSAID (Analgesic),YES,0
Melatonin 3mg Capsule (Value Brand),Melatonin 3mg Capsule,Mental Health,F51,Sleep disorders not due to a substance or known physiological condition,"Mental, Behavioral and Neurodevelopmental disorders",Melatonin Receptor Agonist / Sleep Synchronization Supplement,NO,0
Meloxicam 15mg Tablet (Value Brand),Meloxicam 15mg Tablet,Pain and Fever,G89,"Pain, not elsewhere classified",Diseases of the nervous system,Enolic Acid Class NSAID,YES,0
Metformin + Sitagliptin 500mg/50mg Tablet (Janumet),Metformin + Sitagliptin 500mg/50mg Tablet,Diabetes Mellitus,E13,Other specified diabetes mellitus,"Endocrine, nutritional and metabolic diseases",Biguanide + DPP-4 Inhibitor Antidiabetic Combination,YES,0
Metformin + Sitagliptin 500mg/50mg Tablet (Velmetia),Metformin + Sitagliptin 500mg/50mg Tablet,Diabetes Mellitus,E13,Other specified diabetes mellitus,"Endocrine, nutritional and metabolic diseases",Biguanide + DPP-4 Inhibitor Antidiabetic Combination,YES,0
Metformin + Sitagliptin 1000mg/50mg Tablet (Janumet),Metformin + Sitagliptin 1000mg/50mg Tablet,Diabetes Mellitus,E13,Other specified diabetes mellitus,"Endocrine, nutritional and metabolic diseases",Biguanide + DPP-4 Inhibitor Antidiabetic Combination,YES,0
Metformin 500mg Tablet (Glucophage XR),Metformin 500mg Tablet,Diabetes Mellitus,E13,Other specified diabetes mellitus,"Endocrine, nutritional and metabolic diseases",Biguanide (Antidiabetic),YES,1
Metformin 500mg Tablet (Glucophage),Metformin 500mg Tablet,Diabetes Mellitus,E13,Other specified diabetes mellitus,"Endocrine, nutritional and metabolic diseases",Biguanide (Antidiabetic),YES,1
Metformin 500mg Tablet (Glumet XR),Metformin 500mg Tablet,Diabetes Mellitus,E13,Other specified diabetes mellitus,"Endocrine, nutritional and metabolic diseases",Biguanide (Antidiabetic),YES,1
Metformin 500mg Tablet (Ritemed),Metformin 500mg Tablet,Diabetes Mellitus,E13,Other specified diabetes mellitus,"Endocrine, nutritional and metabolic diseases",Biguanide (Antidiabetic),YES,1
Metformin 500mg Tablet (Value Brand),Metformin 500mg Tablet,Diabetes Mellitus,E13,Other specified diabetes mellitus,"Endocrine, nutritional and metabolic diseases",Biguanide (Antidiabetic),YES,1
Metformin 850mg Tablet (Value Brand),Metformin 850mg Tablet,Diabetes Mellitus,E13,Other specified diabetes mellitus,"Endocrine, nutritional and metabolic diseases",Biguanide (Antidiabetic),YES,0
Metformin 1000mg Tablet (Glumet),Metformin 1000mg Tablet,Diabetes Mellitus,E13,Other specified diabetes mellitus,"Endocrine, nutritional and metabolic diseases",Biguanide (Antidiabetic),YES,0
Metformin 1000mg Tablet (Value Brand),Metformin 1000mg Tablet,Diabetes Mellitus,E13,Other specified diabetes mellitus,"Endocrine, nutritional and metabolic diseases",Biguanide (Antidiabetic),YES,0
Methimazole 5mg Tablet (Value Brand),Methimazole 5mg Tablet,Thyroid Disorder,E07,Other disorders of thyroid,"Endocrine, nutritional and metabolic diseases",Antithyroid Agent (Thionamide),YES,0
Methimazole 20mg Tablet (Value Brand),Methimazole 20mg Tablet,Thyroid Disorder,E07,Other disorders of thyroid,"Endocrine, nutritional and metabolic diseases",Antithyroid Agent (Thionamide),YES,0
Methyldopa 250mg Tablet (Value Brand),Methyldopa 250mg Tablet,Hypertension,I10,Essential (Primary) Hypertension: Essential (Primary) Hypertension,Diseases of the circulatory system,Centrally Acting Alpha-2 Adrenergic Agonist (Antihypertensive),YES,0
Methylprednisolone 16mg Tablet (Value Brand),Methylprednisolone 16mg Tablet,Inflammatory Disease,G72,Other and unspecified myopathies,Diseases of the nervous system,Systemic Corticosteroid,YES,0
Metoclopramide 10mg Tablet (Value Brand),Metoclopramide 10mg Tablet,Gastroparesis,R11,Nausea And Vomiting: Nausea And Vomiting,"Symptoms, signs and abnormal clinical and laboratory findings, not elsewhere classified",Dopamine Receptor Antagonist (Antiemetic / Prokinetic),YES,0
Metoprolol 50mg Tablet (Value Brand),Metoprolol 50mg Tablet,Hypertension,I10,Essential (Primary) Hypertension: Essential (Primary) Hypertension,Diseases of the circulatory system,Beta-Blocker (Cardioselective),YES,1
Metoprolol 100mg Tablet (Value Brand),Metoprolol 100mg Tablet,Hypertension,I10,Essential (Primary) Hypertension: Essential (Primary) Hypertension,Diseases of the circulatory system,Beta-Blocker (Cardioselective),YES,1
Metronidazole 125mg/5mL 60mL Suspension (Value Brand),Metronidazole 125mg/5mL 60mL Suspension,Parasitic Infection,B89,Unspecified Parasitic Disease: Unspecified Parasitic Disease,Certain infectious and parasitic diseases,Nitroimidazole Nitroantibiotic / Antiprotozoal,NO,0
Metronidazole 500mg Tablet (Value Brand),Metronidazole 500mg Tablet,Parasitic Infection,B89,Unspecified Parasitic Disease: Unspecified Parasitic Disease,Certain infectious and parasitic diseases,Nitroimidazole Nitroantibiotic / Antiprotozoal,YES,0
Montelukast + Levocetirizine 10mg/5mg Tablet (Co-Altria),Montelukast + Levocetirizine 10mg/5mg Tablet,Asthma/COPD,J45,Asthma: Predominantly Allergic Asthma,Diseases of the respiratory system,Leukotriene Receptor Antagonist + Antihistamine Combination,YES,0
Montelukast + Levocetirizine 10mg/5mg Tablet (Stelix),Montelukast + Levocetirizine 10mg/5mg Tablet,Asthma/COPD,J45,Asthma: Predominantly Allergic Asthma,Diseases of the respiratory system,Leukotriene Receptor Antagonist + Antihistamine Combination,YES,0
Montelukast 4mg Tablet (Value Brand),Montelukast 4mg Tablet,Asthma/COPD,J45,Asthma: Predominantly Allergic Asthma,Diseases of the respiratory system,Leukotriene Receptor Antagonist (Anti-asthmatic/Antiallergic),YES,0
Montelukast 5mg Tablet (Value Brand),Montelukast 5mg Tablet,Asthma/COPD,J45,Asthma: Predominantly Allergic Asthma,Diseases of the respiratory system,Leukotriene Receptor Antagonist (Anti-asthmatic/Antiallergic),YES,0
Montelukast 10mg Tablet (Value Brand),Montelukast 10mg Tablet,Asthma/COPD,J45,Asthma: Predominantly Allergic Asthma,Diseases of the respiratory system,Leukotriene Receptor Antagonist (Anti-asthmatic/Antiallergic),YES,0
Multivitamins + Iron Capsule (Value Brand),Multivitamins + Iron Capsule,Vitamin/Mineral Deficiency,E63,Other nutritional deficiencies,"Endocrine, nutritional and metabolic diseases",Hematinic Nutrient Formulation,YES,0
Multivitamins + Minerals Tablet (Value Brand),Multivitamins + Minerals Tablet,Vitamin/Mineral Deficiency,E63,Other nutritional deficiencies,"Endocrine, nutritional and metabolic diseases",General Wellness Nutritional Supplement,YES,0
Multivitamins Capsule (Value Brand),Multivitamins Capsule,Vitamin/Mineral Deficiency,E63,Other nutritional deficiencies,"Endocrine, nutritional and metabolic diseases",Nutritional Supplement,YES,0
Naproxen 550mg Tablet (Value Brand),Naproxen 550mg Tablet,Pain and Fever,G89,"Pain, not elsewhere classified",Diseases of the nervous system,Propionic Acid Class NSAID (Analgesic),YES,0
Nebivolol 2.5mg Tablet (Nebil),Nebivolol 2.5mg Tablet,Hypertension,I10,Essential (Primary) Hypertension: Essential (Primary) Hypertension,Diseases of the circulatory system,Highly Selective Beta-1 Blocker + Nitric Oxide Vasodilator,YES,0
Nebivolol 2.5mg Tablet (Value Brand),Nebivolol 2.5mg Tablet,Hypertension,I10,Essential (Primary) Hypertension: Essential (Primary) Hypertension,Diseases of the circulatory system,Highly Selective Beta-1 Blocker + Nitric Oxide Vasodilator,YES,0
Nebivolol 5mg Tablet (Value Brand),Nebivolol 5mg Tablet,Hypertension,I10,Essential (Primary) Hypertension: Essential (Primary) Hypertension,Diseases of the circulatory system,Highly Selective Beta-1 Blocker + Nitric Oxide Vasodilator,YES,0
Nifedipine 5mg Capsule (Value Brand),Nifedipine 5mg Capsule,Hypertension,I10,Essential (Primary) Hypertension: Essential (Primary) Hypertension,Diseases of the circulatory system,Dihydropyridine Calcium Channel Blocker,YES,1
Nifedipine 10mg Capsule (Value Brand),Nifedipine 10mg Capsule,Hypertension,I10,Essential (Primary) Hypertension: Essential (Primary) Hypertension,Diseases of the circulatory system,Dihydropyridine Calcium Channel Blocker,YES,1
Nifedipine 20mg Tablet (Value Brand),Nifedipine 20mg Tablet,Hypertension,I10,Essential (Primary) Hypertension: Essential (Primary) Hypertension,Diseases of the circulatory system,Dihydropyridine Calcium Channel Blocker,YES,1
Nilotinib 150mg Capsule (Tasigna 28s),Nilotinib 150mg Capsule,Leukemia,C92,Myeloid leukemia,Neoplasms,Tyrosine Kinase Inhibitor (Antineoplastic),NO,0
Nilotinib 200mg Capsule (Tasigna 28s),Nilotinib 200mg Capsule,Leukemia,C92,Myeloid leukemia,Neoplasms,Tyrosine Kinase Inhibitor (Antineoplastic),NO,0
Nitrofurantoin 100mg Capsule (Value Brand),Nitrofurantoin 50mg Capsule,Bacterial Infection,N/A,N/A,N/A,N/A,YES,0
Olanzapine 10mg Tablet (Olavex),Olanzapine 10mg Tablet,Mood Disorder,F39,Unspecified Mood [Affective] Disorder: Unspecified Mood [Affective] Disorder,"Mental, Behavioral and Neurodevelopmental disorders",Thienobenzodiazepine Class Atypical Antipsychotic,NO,0
Olanzapine 10mg Tablet (Value Brand),Olanzapine 10mg Tablet,Mood Disorder,F39,Unspecified Mood [Affective] Disorder: Unspecified Mood [Affective] Disorder,"Mental, Behavioral and Neurodevelopmental disorders",Thienobenzodiazepine Class Atypical Antipsychotic,YES,0
Olaparib 100mg Film-Coated Tablet (Lynparza 56s),Olaparib 150mg Film-Coated Tablet,Ovarian Cancer,C56,Malignant neoplasm of ovary,Neoplasms,PARP Inhibitor (Targeted Antineoplastic),NO,0
Olaparib 150mg Film-Coated Tablet (Lynparza 56s),Olaparib 100mg Film-Coated Tablet,Ovarian Cancer,C56,Malignant neoplasm of ovary,Neoplasms,PARP Inhibitor (Targeted Antineoplastic),NO,0
Omeprazole 20mg Capsule (Omepron),Omeprazole 20mg Capsule,Hyperacidity,K21,Gastro-esophageal reflux disease,Diseases of the digestive system,Proton Pump Inhibitor (Acid Reducer),YES,0
Omeprazole 20mg Capsule (Value Brand),Omeprazole 20mg Capsule,Hyperacidity,K21,Gastro-esophageal reflux disease,Diseases of the digestive system,Proton Pump Inhibitor (Acid Reducer),YES,0
Omeprazole 40mg Capsule (Value Brand),Omeprazole 40mg Capsule,Hyperacidity,K21,Gastro-esophageal reflux disease,Diseases of the digestive system,Proton Pump Inhibitor (Acid Reducer),YES,0
Oral rehydration salts Granules for Solution (Value Brand),Oral rehydration salts Granules for Solution,N/A,N/A,N/A,N/A,N/A,YES,0
Orphenadrine + Paracetamol 50mg/650mg Tablet (Norgesic Forte),Orphenadrine + Paracetamol 50mg/650mg Tablet,Muscle Spasm,M62,Other disorders of muscle,Diseases of the musculoskeletal system and connective tissue,Skeletal Muscle Relaxant + Non-Opioid Analgesic,YES,0
Orphenadrine + Paracetamol 50mg/650mg Tablet (Value Brand),Orphenadrine + Paracetamol 50mg/650mg Tablet,Muscle Spasm,M62,Other disorders of muscle,Diseases of the musculoskeletal system and connective tissue,Skeletal Muscle Relaxant + Non-Opioid Analgesic,YES,0
Osimertinib 40mg Film-Coated Tablet (Tagrisso 30s),Osimertinib 80mg Film-Coated Tablet,Lung Cancer,C34,Malignant neoplasm of bronchus and lung,Neoplasms,EGFR Tyrosine Kinase Inhibitor (Targeted Antineoplastic),NO,0
Osimertinib 80mg Film-Coated Tablet (Tagrisso 30s),Osimertinib 40mg Film-Coated Tablet,Lung Cancer,C34,Malignant neoplasm of bronchus and lung,Neoplasms,EGFR Tyrosine Kinase Inhibitor (Targeted Antineoplastic),NO,0
Paliperidone palmitate 75mg Injection (Invega Sustenna),Paliperidone 75mg Injection,Mental Health,F99,"Mental Disorder, Not Otherwise Specified: Mental Disorder, Not Otherwise Specified","Mental, Behavioral and Neurodevelopmental disorders",Long-Acting Injectable Atypical Antipsychotic,NO,0
Paliperidone palmitate 100mg Injection (Invega Sustenna),Paliperidone 100mg Injection,Mental Health,F20,Schizophrenia,"Mental, Behavioral and Neurodevelopmental disorders",Long-Acting Injectable Atypical Antipsychotic,NO,0
Paliperidone palmitate 150mg Injection (Invega Sustenna),Paliperidone 150mg Injection,Mental Health,F99,"Mental Disorder, Not Otherwise Specified: Mental Disorder, Not Otherwise Specified","Mental, Behavioral and Neurodevelopmental disorders",Long-Acting Injectable Atypical Antipsychotic,NO,0
Paliperidone palmitate 263mg Injection (Invega Trinza),Paliperidone palmitate 263mg Injection,Mental Health,F99,"Mental Disorder, Not Otherwise Specified: Mental Disorder, Not Otherwise Specified","Mental, Behavioral and Neurodevelopmental disorders",Long-Acting Injectable Atypical Antipsychotic,NO,0
Paliperidone palmitate 350mg Injection (Invega Trinza),Paliperidone palmitate 350mg Injection,Mental Health,F99,"Mental Disorder, Not Otherwise Specified: Mental Disorder, Not Otherwise Specified","Mental, Behavioral and Neurodevelopmental disorders",Long-Acting Injectable Atypical Antipsychotic,NO,0
Paliperidone palmitate 525mg Injection (Invega Trinza),Paliperidone palmitate 525mg Injection,Mental Health,F99,"Mental Disorder, Not Otherwise Specified: Mental Disorder, Not Otherwise Specified","Mental, Behavioral and Neurodevelopmental disorders",Long-Acting Injectable Atypical Antipsychotic,NO,0
Pantoprazole 40mg Tablet (Value Brand),Pantoprazole 40mg Tablet,Hyperacidity,K21,Gastro-esophageal reflux disease,Diseases of the digestive system,Proton Pump Inhibitor (Acid Reducer),YES,0
Paracetamol + Phenylephrine 500mg/25mg Tablet (Value Brand),Paracetamol + Phenylephrine 500mg/25mg Tablet,Cough and Cold,J06,Acute upper respiratory infections of multiple and unspecified sites,Diseases of the respiratory system,Non-Opioid Analgesic + Nasal Decongestant,YES,0
Paracetamol + Phenylpropanolamine + Chlorphenamine 500mg/25mg/2mg Tablet (Value Brand),Paracetamol + Phenylpropanolamine + Chlorphenamine 500mg/25mg/2mg Tablet,Cough and Cold,J06,Acute upper respiratory infections of multiple and unspecified sites,Diseases of the respiratory system,"Multi-Symptom Cough, Cold & Pain Relief Formulation",NO,0
Paracetamol + Tramadol 325mg/37.5mg Tablet (Value Brand),Paracetamol + Tramadol 325mg/37.5mg Tablet,Pain and Fever,G89,"Pain, not elsewhere classified",Diseases of the nervous system,Non-Opioid Analgesic + Opioid Analgesic Combination,YES,0
Paracetamol 100mg/mL 15mL Drops (Value Brand),Paracetamol 100mg/mL 15mL Drops,Pain and Fever,G89,"Pain, not elsewhere classified",Diseases of the nervous system,Non-Opioid Analgesic / Antipyretic,NO,0
Paracetamol 125mg Suppository (Value Brand),Paracetamol 125mg Suppository,Pain and Fever,R52,"Pain, unspecified","Symptoms, signs and abnormal clinical and laboratory findings, not elsewhere classified",Non-Opioid Analgesic / Antipyretic (Rectal),NO,0
Paracetamol 250mg Suppository (Value Brand),Paracetamol 250mg Suppository,Pain and Fever,G89,"Pain, not elsewhere classified",Diseases of the nervous system,Non-Opioid Analgesic / Antipyretic (Rectal),NO,0
Paracetamol 250mg/5mL 60mL Suspension (Value Brand),Paracetamol 250mg/5mL 60mL Suspension,Pain and Fever,G89,"Pain, not elsewhere classified",Diseases of the nervous system,Non-Opioid Analgesic / Antipyretic,NO,0
Paracetamol 250mg/5mL 60mL Syrup (Value Brand),Paracetamol 250mg/5mL 60mL Syrup,Pain and Fever,G89,"Pain, not elsewhere classified",Diseases of the nervous system,Non-Opioid Analgesic / Antipyretic,NO,0
Paracetamol 500mg Tablet (Value Brand),Paracetamol 500mg Tablet,Pain and Fever,G89,"Pain, not elsewhere classified",Diseases of the nervous system,Non-Opioid Analgesic / Antipyretic,YES,0
Pinene + Camphene + Cineol + Fenchone + Borneol + Anethole + Olive oil 31mg/15mg/3mg/4mg/10mg/4mg/33mg Capsule (Rowatinex),Pinene + Camphene + Cineol + Fenchone + Borneol + Anethole + Olive oil 31mg/15mg/3mg/4mg/10mg/4mg/33mg Capsule,Urolithiasis,N20,Calculus of kidney and ureter,Diseases of the genitourinary system,Terpene Combination / Urinary Tract Spasmolytic (Rowatinex),NO,0
Pioglitazone 15mg Tablet (Value Brand),Pioglitazone 15mg Tablet,Diabetes Mellitus,E13,Other specified diabetes mellitus,"Endocrine, nutritional and metabolic diseases",Thiazolidinedione / PPAR-gamma Agonist (Antidiabetic),YES,1
Pioglitazone 30mg Tablet (Value Brand),Pioglitazone 30mg Tablet,Diabetes Mellitus,E13,Other specified diabetes mellitus,"Endocrine, nutritional and metabolic diseases",Thiazolidinedione / PPAR-gamma Agonist (Antidiabetic),YES,1
Potassium citrate 1080mg Tablet (Value Brand),Potassium citrate 1080mg Tablet,Urolithiasis,N20,Calculus of kidney and ureter,Diseases of the genitourinary system,Urinary Alkalinizer (Kidney Stone Prevention),YES,0
Prednisone 5mg Tablet (Value Brand),Prednisone 5mg Tablet,Inflammatory Disease,G72,Other and unspecified myopathies,Diseases of the nervous system,Systemic Corticosteroid,NO,0
Prednisone 10mg Tablet (Value Brand),Prednisone 10mg Tablet,Inflammatory Disease,G72,Other and unspecified myopathies,Diseases of the nervous system,Systemic Corticosteroid,NO,0
Prednisone 10mg/5mL 60mL Suspension (Value Brand),Prednisone 10mg/5mL 60mL Suspension,Inflammatory Disease,G72,Other and unspecified myopathies,Diseases of the nervous system,Systemic Corticosteroid,NO,0
Prednisone 20mg Tablet (Value Brand),Prednisone 20mg Tablet,Inflammatory Disease,G72,Other and unspecified myopathies,Diseases of the nervous system,Systemic Corticosteroid,NO,0
Pregabalin 75mg Capsule (Lyrica),Pregabalin 75mg Capsule,Epilepsy,G60,Hereditary and idiopathic neuropathy,Diseases of the nervous system,Gabapentinoid Anticonvulsant (Neuropathic Pain Therapy),YES,0
Pregabalin 75mg Capsule (Value Brand),Pregabalin 75mg Capsule,Epilepsy,G60,Hereditary and idiopathic neuropathy,Diseases of the nervous system,Gabapentinoid Anticonvulsant (Neuropathic Pain Therapy),YES,0
Propranolol 10mg Tablet (Value Brand),Propranolol 10mg Tablet,Hypertension,I10,Essential (Primary) Hypertension: Essential (Primary) Hypertension,Diseases of the circulatory system,Non-Selective Beta-Adrenergic Blocker,YES,1
Propranolol 40mg Tablet (Value Brand),Propranolol 40mg Tablet,Hypertension,I10,Essential (Primary) Hypertension: Essential (Primary) Hypertension,Diseases of the circulatory system,Non-Selective Beta-Adrenergic Blocker,YES,1
Quetiapine 25mg Tablet (Value Brand),Quetiapine 25mg Tablet,Mental Health,F99,"Mental Disorder, Not Otherwise Specified: Mental Disorder, Not Otherwise Specified","Mental, Behavioral and Neurodevelopmental disorders",Dibenzothiazepine Class Atypical Antipsychotic,NO,0
Racecadotril 100mg Capsule (Hidrasec),Racecadotril 100mg Capsule,Diarrhea,K52,Other and unspecified noninfective gastroenteritis and colitis,Diseases of the digestive system,Peripheral Enkephalinase Inhibitor Antidiarrheal,YES,0
Ranitidine 150mg Tablet (Value Brand),Ranitidine 150mg Tablet,Hyperacidity,K21,Gastro-esophageal reflux disease,Diseases of the digestive system,H2-Receptor Antagonist (Acid Reducer),YES,0
Rebamipide 100mg Tablet (Value Brand),Rebamipide 100mg Tablet,Gastric Ulcer,K25,Gastric ulcer,Diseases of the digestive system,Mucoprotective Gastric Agent (Cytoprotective),YES,0
Ribociclib 200mg Film-Coated Tablet (Kryxana 21s),Ribociclib 200mg Film-Coated Tablet,Breast Cancer,C50,Malignant neoplasm of breast,Neoplasms,CDK4/6 Inhibitor (Targeted Antineoplastic),NO,0
Rosuvastatin 5mg Tablet (Rovista),Rosuvastatin 5mg Tablet,High Cholesterol,E78,Disorders of lipoprotein metabolism and other lipidemias,"Endocrine, nutritional and metabolic diseases",HMG-CoA Reductase Inhibitor (Statin),YES,0
Rosuvastatin 10mg Tablet (Rovista),Rosuvastatin 10mg Tablet,High Cholesterol,E78,Disorders of lipoprotein metabolism and other lipidemias,"Endocrine, nutritional and metabolic diseases",HMG-CoA Reductase Inhibitor (Statin),YES,1
Rosuvastatin 10mg Tablet (Value Brand),Rosuvastatin 10mg Tablet,High Cholesterol,E78,Disorders of lipoprotein metabolism and other lipidemias,"Endocrine, nutritional and metabolic diseases",HMG-CoA Reductase Inhibitor (Statin),YES,1
Rosuvastatin 20mg Tablet (Rosucol),Rosuvastatin 20mg Tablet,High Cholesterol,E78,Disorders of lipoprotein metabolism and other lipidemias,"Endocrine, nutritional and metabolic diseases",HMG-CoA Reductase Inhibitor (Statin),YES,1
Rosuvastatin 20mg Tablet (Value Brand),Rosuvastatin 20mg Tablet,High Cholesterol,E78,Disorders of lipoprotein metabolism and other lipidemias,"Endocrine, nutritional and metabolic diseases",HMG-CoA Reductase Inhibitor (Statin),YES,1
Ruxolitinib 5mg Tablet (Jakavi 14s),Ruxolitinib 5mg Tablet,Polycythemia vera,D45,Polycythemia vera,Neoplasms,JAK1/JAK2 Kinase Inhibitor (Targeted Antineoplastic),NO,0
Ruxolitinib 15mg Tablet (Jakavi 14s),Ruxolitinib 15mg Tablet,Polycythemia vera,D45,Polycythemia vera,Neoplasms,JAK1/JAK2 Kinase Inhibitor (Targeted Antineoplastic),NO,0
Ruxolitinib 20mg Tablet (Jakavi 14s),Ruxolitinib 20mg Tablet,Polycythemia vera,D45,Polycythemia vera,Neoplasms,JAK1/JAK2 Kinase Inhibitor (Targeted Antineoplastic),NO,0
Sacubitril-Valsartan 50mg Tablet (Entresto),Sacubitril-Valsartan 50mg Tablet,Heart Failure,I50,Heart failure,Diseases of the circulatory system,Angiotensin Receptor-Neprilysin Inhibitor (ARNI Heart Failure Therapy),NO,0
Sacubitril-Valsartan 100mg Tablet (Entresto),Sacubitril-Valsartan 100mg Tablet,Heart Failure,I50,Heart failure,Diseases of the circulatory system,Angiotensin Receptor-Neprilysin Inhibitor (ARNI Heart Failure Therapy),NO,0
Sacubitril-Valsartan 200mg Tablet (Entresto),Sacubitril-Valsartan 200mg Tablet,Heart Failure,I50,Heart failure,Diseases of the circulatory system,Angiotensin Receptor-Neprilysin Inhibitor (ARNI Heart Failure Therapy),NO,0
Salbutamol + Ipratropium 2.5mg/500mcg 2.5mL Nebule (Value Brand),Salbutamol + Ipratropium 2.5mg/500mcg 2.5mL Nebule,Asthma/COPD,J45,Asthma,Diseases of the respiratory system,SABA Bronchodilator + Anticholinergic Inhalation Combination,NO,0
Salbutamol 1mg/mL 2.5mL Nebule (Value Brand),Salbutamol 1mg/mL 2.5mL Nebule,Asthma/COPD,J45,Asthma: Predominantly Allergic Asthma,Diseases of the respiratory system,Short-Acting Beta-2 Adrenergic Agonist (SABA Nebulizer Solution),NO,0
Salbutamol 2.5mg/mL 2.5mL Nebule (Value Brand),Salbutamol 2.5mg/mL 2.5mL Nebule,Asthma/COPD,J45,Asthma: Predominantly Allergic Asthma,Diseases of the respiratory system,Short-Acting Beta-2 Adrenergic Agonist (SABA Nebulizer Solution),NO,0
Salbutamol 2mg Tablet (Value Brand),Salbutamol 2mg Tablet,Asthma/COPD,J45,Asthma: Predominantly Allergic Asthma,Diseases of the respiratory system,Short-Acting Beta-2 Adrenergic Agonist (Oral SABA),YES,0
Salbutamol 2mg/5mL 60mL Syrup (Value Brand),Salbutamol 2mg/5mL 60mL Syrup,Asthma/COPD,J45,Asthma: Predominantly Allergic Asthma,Diseases of the respiratory system,Short-Acting Beta-2 Adrenergic Agonist (Oral SABA),NO,0
Salbutamol 4mg Tablet (Value Brand),Salbutamol 4mg Tablet,Asthma/COPD,J45,Asthma: Predominantly Allergic Asthma,Diseases of the respiratory system,Short-Acting Beta-2 Adrenergic Agonist (Oral SABA),YES,0
Salbutamol 100mcg 200D Inhalation (Value Brand),Salbutamol 100mcg 200D Inhalation,Asthma/COPD,J45,Asthma: Predominantly Allergic Asthma,Diseases of the respiratory system,Short-Acting Beta-2 Adrenergic Agonist (SABA Inhalation),NO,0
Salmeterol + Fluticasone 25mcg/125mcg Metered-Dose Inhaler (Value Brand),Salmeterol + Fluticasone 25mcg/125mcg Metered-Dose Inhaler,Asthma/COPD,J45,Asthma: Predominantly Allergic Asthma,Diseases of the respiratory system,LABA + Inhaled Corticosteroid Combination Inhaler,NO,0
Salmeterol + Fluticasone 25mcg/250mcg 120D Metered-Dose Inhaler (Value Brand),Salmeterol + Fluticasone 25mcg/250mcg 120D Metered-Dose Inhaler,Asthma/COPD,J45,Asthma: Predominantly Allergic Asthma,Diseases of the respiratory system,LABA + Inhaled Corticosteroid Combination Inhaler,NO,0
Sambong 500mg Tablet (Value Brand),Sambong 500mg Tablet,Urolithiasis,N20,Calculus of kidney and ureter,Diseases of the genitourinary system,Herbal Diuretic / Anti-urolithiasis (Traditional Medicine),YES,0
Secukinumab 150mg/mL Solution for Injection Pre-filled Pen (Scapho),Secukinumab 150mg/mL Solution for Injection,Psoriasis,L40,Psoriasis,Diseases of the skin and subcutaneous tissue,Anti-IL-17A Monoclonal Antibody (Biologic Immunomodulator),NO,0
Secukinumab 300mg/2mL Solution for Injection Pre-filled Pen (Scapho),Secukinumab 300mg/2mL Solution for Injection,Psoriasis,L40,Psoriasis,Diseases of the skin and subcutaneous tissue,Anti-IL-17A Monoclonal Antibody (Biologic Immunomodulator),NO,0
Semaglutide 0.5mg/0.37ml Pre-filled Pen (Ozempic),Semaglutide 0.5mg Pre-filled Pen,Diabetes Mellitus,E13,Other specified diabetes mellitus,"Endocrine, nutritional and metabolic diseases",GLP-1 Receptor Agonist (Antidiabetic / Weight Management),YES,0
Semaglutide 0.25mg/0.19ml Pre-filled Pen (Ozempic),Semaglutide 0.25mg Pre-filled Pen,Diabetes Mellitus,E13,Other specified diabetes mellitus,"Endocrine, nutritional and metabolic diseases",GLP-1 Receptor Agonist (Antidiabetic / Weight Management),YES,0
Semaglutide 1mg/0.74ml Pre-filled Pen (Ozempic),Semaglutide 1.0mg Pre-filled Pen,Diabetes Mellitus,E13,Other specified diabetes mellitus,"Endocrine, nutritional and metabolic diseases",GLP-1 Receptor Agonist (Antidiabetic / Weight Management),YES,0
Sertraline 50mg Tablet (Sertragen),Sertraline 50mg Tablet,Mental Health,F99,"Mental Disorder, Not Otherwise Specified: Mental Disorder, Not Otherwise Specified","Mental, Behavioral and Neurodevelopmental disorders",Selective Serotonin Reuptake Inhibitor (SSRI Antidepressant),NO,0
Sertraline 50mg Tablet (Value Brand),Sertraline 50mg Tablet,Mental Health,F99,"Mental Disorder, Not Otherwise Specified: Mental Disorder, Not Otherwise Specified","Mental, Behavioral and Neurodevelopmental disorders",Selective Serotonin Reuptake Inhibitor (SSRI Antidepressant),YES,0
Sildenafil 50mg Tablet (Value Brand),Sildenafil 50mg Tablet,Hypertension,I27,Other pulmonary heart diseases,Diseases of the circulatory system,Phosphodiesterase-5 (PDE5) Inhibitor (Erectile Dysfunction/PAH),YES,1
Silymarin + Multivitamins Capsule (Value Brand),Silymarin + Multivitamins Capsule,Vitamin/Mineral Deficiency,E63,Other nutritional deficiencies,"Endocrine, nutritional and metabolic diseases",Hepatoprotective (Milk Thistle) + Vitamin Complex,YES,0
Simvastatin 10mg Tablet (Value Brand),Simvastatin 10mg Tablet,High Cholesterol,E78,Disorders of lipoprotein metabolism and other lipidemias,"Endocrine, nutritional and metabolic diseases",HMG-CoA Reductase Inhibitor (Statin),YES,1
Simvastatin 20mg Tablet (Value Brand),Simvastatin 20mg Tablet,High Cholesterol,E78,Disorders of lipoprotein metabolism and other lipidemias,"Endocrine, nutritional and metabolic diseases",HMG-CoA Reductase Inhibitor (Statin),YES,1
Simvastatin 40mg Tablet (Value Brand),Simvastatin 40mg Tablet,High Cholesterol,E78,Disorders of lipoprotein metabolism and other lipidemias,"Endocrine, nutritional and metabolic diseases",HMG-CoA Reductase Inhibitor (Statin),YES,1
Sitagliptin 50mg Tablet (Januvia),Sitagliptin 50mg Tablet,Diabetes Mellitus,E13,Other specified diabetes mellitus,"Endocrine, nutritional and metabolic diseases",DPP-4 Inhibitor (Antidiabetic),YES,0
Sitagliptin 50mg Tablet (Xelevia),Sitagliptin 50mg Tablet,Diabetes Mellitus,E13,Other specified diabetes mellitus,"Endocrine, nutritional and metabolic diseases",DPP-4 Inhibitor (Antidiabetic),YES,0
Sitagliptin 100mg Tablet (Januvia),Sitagliptin 100mg Tablet,Diabetes Mellitus,E13,Other specified diabetes mellitus,"Endocrine, nutritional and metabolic diseases",DPP-4 Inhibitor (Antidiabetic),YES,0
Sitagliptin 100mg Tablet (Xelevia),Sitagliptin 100mg Tablet,Diabetes Mellitus,E13,Other specified diabetes mellitus,"Endocrine, nutritional and metabolic diseases",DPP-4 Inhibitor (Antidiabetic),YES,0
Sodium Ascorbate + Zinc 500mg/10mg Capsule (Value Brand),Sodium Ascorbate + Zinc 500mg/10mg Capsule,Vitamin/Mineral Deficiency,E63,Other nutritional deficiencies,"Endocrine, nutritional and metabolic diseases",Non-Acidic Vitamin C + Zinc Supplement,YES,0
Sodium ascorbate Capsule (Value Brand),Sodium ascorbate 500mg Capsule,Vitamin/Mineral Deficiency,E63,Other nutritional deficiencies,"Endocrine, nutritional and metabolic diseases",Non-Acidic Vitamin C Supplement,NO,0
Spironolactone 25mg Tablet (Value Brand),Spironolactone 25mg Tablet,Hypertension,I10,Essential (Primary) Hypertension: Essential (Primary) Hypertension,Diseases of the circulatory system,Aldosterone Antagonist (Potassium-Sparing Diuretic),YES,1
Spironolactone 50mg Tablet (Aldactone),Spironolactone 50mg Tablet,Hypertension,I10,Essential (Primary) Hypertension: Essential (Primary) Hypertension,Diseases of the circulatory system,Aldosterone Antagonist (Potassium-Sparing Diuretic),YES,0
Sultamicillin 750mg Tablet (Value Brand),Sultamicillin 750mg Tablet,Bacterial Infection,A49,Bacterial infection of unspecified site,Certain infectious and parasitic diseases,Aminopenicillin + Beta-Lactamase Inhibitor Oral Prodrug,YES,0
Tamoxifen 20mg Tablet (Nolvadex 30s),Tamoxifen 20mg Tablet,Breast Cancer,C50,Malignant neoplasm of breast,Neoplasms,Selective Estrogen Receptor Modulator (Hormonal Antineoplastic),NO,0
Tamsulosin 200mcg Tablet (Value Brand),Tamsulosin 200mcg Tablet,Benign Prostatic Hyperplasia,N40,Hyperplasia Of Prostate: Hyperplasia Of Prostate,Diseases of the genitourinary system,Alpha-1A Adrenergic Blocker (Selective BPH Therapy),YES,0
Tamsulosin 400mcg Capsule (Value Brand),Tamsulosin 400mcg Capsule,Benign Prostatic Hyperplasia,N40,Hyperplasia Of Prostate: Hyperplasia Of Prostate,Diseases of the genitourinary system,Alpha-1A Adrenergic Blocker (Selective BPH Therapy),YES,0
Tamsulosin 400mcg Tablet (Value Brand),Tamsulosin 400mcg Tablet,Benign Prostatic Hyperplasia,N40,Hyperplasia Of Prostate: Hyperplasia Of Prostate,Diseases of the genitourinary system,Alpha-1A Adrenergic Blocker (Selective BPH Therapy),YES,0
Telmisartan + Hydrochlorothiazide 40mg/12.5mg Tablet (Value Brand),Telmisartan + Hydrochlorothiazide 40mg/12.5mg Tablet,Hypertension,I10,Essential (Primary) Hypertension: Essential (Primary) Hypertension,Diseases of the circulatory system,ARB + Thiazide Diuretic Combination,YES,0
Telmisartan 40mg Tablet (Value Brand),Telmisartan 40mg Tablet,Hypertension,I10,Essential (Primary) Hypertension: Essential (Primary) Hypertension,Diseases of the circulatory system,Angiotensin II Receptor Blocker (ARB),YES,1
Telmisartan 80mg Tablet (Micardis),Telmisartan 80mg Tablet,Hypertension,I10,Essential (Primary) Hypertension: Essential (Primary) Hypertension,Diseases of the circulatory system,Angiotensin II Receptor Blocker (ARB),YES,1
Telmisartan 80mg Tablet (Value Brand),Telmisartan 80mg Tablet,Hypertension,I10,Essential (Primary) Hypertension: Essential (Primary) Hypertension,Diseases of the circulatory system,Angiotensin II Receptor Blocker (ARB),YES,1
Thiamazole 20mg Tablet (Value Brand),Thiamazole 20mg Tablet,Thyroid Disorder,E07,Other disorders of thyroid,"Endocrine, nutritional and metabolic diseases",Antithyroid Agent (Thionamide / Methimazole Architecture),YES,0
Tobramycin + Dexamethasone 0.30%/0.10% 5mL Eye Drops (Value Brand),Tobramycin + Dexamethasone 0.30%/0.10% 5mL Eye Drops,Conjunctivitis,H10,Conjunctivitis,Diseases of the eye and adnexa,Ophthalmic Aminoglycoside Antibiotic + Corticosteroid,NO,0
Tobramycin 0.30% 5mL Eye Drops (Value Brand),Tobramycin 0.30% 5mL Eye Drops,Conjunctivitis,H10,Conjunctivitis,Diseases of the eye and adnexa,Ophthalmic Aminoglycoside Antibiotic,NO,0
Tramadol 50mg Capsule (Value Brand),Tramadol 50mg Capsule,Pain and Fever,G89,"Pain, not elsewhere classified",Diseases of the nervous system,Centrally Acting Opioid Analgesic,YES,0
Tranexamic acid 500mg Capsule (Value Brand),Tranexamic acid 500mg Capsule,Bleeding,R58,"Haemorrhage, Not Elsewhere Classified: Haemorrhage, Not Elsewhere Classified","Symptoms, signs and abnormal clinical and laboratory findings, not elsewhere classified",Antifibrinolytic Hemostatic Agent,YES,0
Trastuzumab deruxtecan 100mg Vial (Enhertu),Trastuzumab deruxtecan 100mg Vial,Breast Cancer,C50,Malignant neoplasm of breast,Neoplasms,HER2-Directed Antibody-Drug Conjugate (Targeted Antineoplastic),NO,0
Trimetazidine 20mg Tablet (Value Brand),Trimetazidine 20mg Tablet,Ischemic Heart Disease,I24,Other acute ischemic heart diseases,Diseases of the circulatory system,Antianginal Metabolic Agent (p-FOX Inhibitor),YES,0
Trimetazidine 35mg Tablet (Ritemed),Trimetazidine 35mg Tablet,Ischemic Heart Disease,I24,Other acute ischemic heart diseases,Diseases of the circulatory system,Antianginal Metabolic Agent (p-FOX Inhibitor),YES,0
Trimetazidine 35mg Tablet (Value Brand),Trimetazidine 35mg Tablet,Ischemic Heart Disease,I24,Other acute ischemic heart diseases,Diseases of the circulatory system,Antianginal Metabolic Agent (p-FOX Inhibitor),YES,0
Ursodeoxycholic acid 250mg Capsule (Value Brand),Ursodeoxycholic acid 250mg Capsule,Cholelithiasis,K80,Cholelithiasis,Diseases of the digestive system,Naturally Occurring Bile Acid (Choleretic / Hepatoprotective),YES,0
Ursodeoxycholic acid 300mg Tablet (Value Brand),Ursodeoxycholic acid 300mg Tablet,Cholelithiasis,K80,Cholelithiasis,Diseases of the digestive system,Naturally Occurring Bile Acid (Choleretic / Hepatoprotective),YES,0
Ustekinumab 45mg/0.5mL Pre-filled syringe (Stelara),Ustekinumab 45mg/0.5mL Pre-filled syringe,Inflammatory Bowel Disease,L40,Psoriasis: Psoriasis Vulgaris,Diseases of the skin and subcutaneous tissue,Anti-IL-12/IL-23 Monoclonal Antibody (Biologic Immunomodulator),NO,0
Valproic acid + Sodium valproate 500mg Tablet (Value Brand),Valproic acid + Sodium valproate 500mg Tablet (Value Brand),N/A,N/A,N/A,N/A,N/A,NO,0
Valsartan 80mg Tablet (Value Brand),Valsartan 80mg Tablet,Hypertension,I10,Essential (Primary) Hypertension: Essential (Primary) Hypertension,Diseases of the circulatory system,Angiotensin II Receptor Blocker (ARB),YES,0
Valsartan 160mg Tablet (Tareg),Valsartan 160mg Tablet,Hypertension,I10,Essential (Primary) Hypertension: Essential (Primary) Hypertension,Diseases of the circulatory system,Angiotensin II Receptor Blocker (ARB),NO,0
Valsartan 160mg Tablet (Value Brand),Valsartan 160mg Tablet,Hypertension,I10,Essential (Primary) Hypertension: Essential (Primary) Hypertension,Diseases of the circulatory system,Angiotensin II Receptor Blocker (ARB),YES,0
Vildagliptin 50mg Tablet (Value Brand),Vildagliptin 50mg Tablet,Diabetes Mellitus,E13,Other specified diabetes mellitus,"Endocrine, nutritional and metabolic diseases",DPP-4 Inhibitor (Antidiabetic),YES,0
Vitamin B Complex Caplet (Value Brand),Vitamin B Complex Caplet,Vitamin/Mineral Deficiency,E63,Other nutritional deficiencies,"Endocrine, nutritional and metabolic diseases",General Vitamin B Supplement,YES,0
Vitamin C + Zinc Caplet (Value Brand),Vitamin C + Zinc Caplet,Vitamin/Mineral Deficiency,E63,Other nutritional deficiencies,"Endocrine, nutritional and metabolic diseases",Antioxidant Immune Support Combination,YES,0
Vitamin E 400IU Capsule (Value Brand),Vitamin E 400IU Capsule,Vitamin/Mineral Deficiency,E63,Other nutritional deficiencies,"Endocrine, nutritional and metabolic diseases",Antioxidant Fat-Soluble Vitamin Supplement,NO,0
Zinc sulfate 15mL Drops (Value Brand),Zinc sulfate 15mL Drops,Vitamin/Mineral Deficiency,E63,Other nutritional deficiencies,"Endocrine, nutritional and metabolic diseases",Mineral Supplement,NO,0
Zinc sulfate 55mg/5mL 60mL Syrup (Value Brand),Zinc sulfate 55mg/5mL 60mL Syrup,Vitamin/Mineral Deficiency,E63,Other nutritional deficiencies,"Endocrine, nutritional and metabolic diseases",Mineral Supplement,NO,0
